Quality,Qualityid,GroupName,hsn,rate,width,Uom,pid
KASTURI,1,Jacquard,52121300,1,,Mtr,1
AMBALIKA,2,Jacquard,,1,,Mtr,2
MAHARAJA,3,Dobby,,1,,Mtr,3
60 X 60 COTTON,4,,,1,,Mtr,4
JACORD ALLOVER 150/300,5,Jacquard,,1,,Mtr,5
80/1400 HT WHITE,6,Chiffon,,1,,Mtr,6
60S COTTON WHITE,7,Yarn,5205,1,,Mtr,7
SRM,8,Chiffon,5210,1,,Mtr,8
SJT,9,Chiffon,521031,53.5,2,Mtr,9
90/2 COTTON WHTIE,10,Yarn,,1,,Mtr,10
SHALIMAR WHITE,11,Jacquard,,1,,Mtr,11
SHALIMAR CROSS,12,Jacquard,,1,,Mtr,12
SUN-104,13,Yarn,,1,,Mtr,13
80/2,14,Yarn,,1,,Mtr,14
PIRAMAL,15,Chiffon,,1,,Mtr,15
01-February-0100,16,Yarn,,1,,Mtr,16
PLAIN,17,Dobby,520811,1,6,Mtr,17
SHRINGAR,18,Jacquard,,1,,Mtr,18
KAREENA,19,Jacquard,5210,55,,Mtr,19
CHIFFON COLOUR BUTTA,20,Chiffon,,1,,Mtr,20
CHIFFON WHITE BUTTA,21,Chiffon,,1,,Mtr,21
CHIFFON MULTY BUTTA,22,Chiffon,5210,1,,Mtr,22
2/80 COT ZARI,23,Yarn,,1,,Mtr,23
2/40S ZARI WHITE,24,Yarn,,1,,Mtr,24
2/80 COMBED WHITE,25,Yarn,,1,,Mtr,25
AMBALIKA GOLD,26,Jacquard,,1,,Mtr,26
52S PV WHITE,27,Yarn,,1,,Mtr,27
TASPA DYED MIX,28,Yarn,,1,,Mtr,28
150/300 GLITTER DYED,29,Yarn,,1,,Mtr,29
150/350 WARP DYED,30,Yarn,,1,,Mtr,30
BLACK ROBIN DYED MIX,31,Yarn,,1,,Mtr,31
ROBIN BLACK,32,Yarn,,1,,Mtr,32
16S SLUB WHITE,33,Yarn,,1,,Mtr,33
20S FLAXO WHITE,34,Yarn,,1,,Mtr,34
KASHAB ZARI WHITE,35,Yarn,,1,,Mtr,35
MAJESTY,36,Jacquard,540752,1,4,Mtr,36
MANASVI,37,Dobby,,1,,Mtr,37
MAYA,38,Fancy,521031,71,2,Mtr,38
60S CARDED WHITE,39,Yarn,5205,1,,Mtr,39
40S  COTTON,40,Yarn,5205,1,,Mtr,40
ZARI (BRT & DYED),41,Yarn,,1,,Mtr,41
75/450 BRIGHT WHITE,42,Yarn,,1,,Mtr,42
78/0 CRIMP WHITE,43,Yarn,,1,,Mtr,43
75 BRIGHT WHITE,44,Yarn,,1,,Mtr,44
40S STEPAL WHITE,45,Yarn,,1,,Mtr,45
50S/52S PV WHITE,46,Yarn,,1,,Mtr,46
2/40S STEPAL WHITE,47,Yarn,,1,,Mtr,47
30/1000 HT BLACK,48,Yarn,,1,,Mtr,48
2/80S DOUBLING BLACK,49,Yarn,,1,,Mtr,49
100/2 DOBLING WHITE,50,Yarn,,1,,Mtr,50
91S COTTON WHITE,51,Yarn,5205,1,,Mtr,51
2/40 PV DYED MIX,52,Yarn,,1,,Mtr,52
2/60S POLYSTER WHITE,53,Yarn,,1,,Mtr,53
30S COTTON WHITE,54,Yarn,,1,,Mtr,54
SHIPRA,55,Jacquard,,1,,Mtr,55
..MEENA,56,Jacquard,,1,,Mtr,56
50X50 PC (8.500),57,,,1,,Mtr,57
62S CARDED WHITE,58,Yarn,,1,,Mtr,58
2/40S  COTTON WHTIE,59,Yarn,,1,,Mtr,59
40S COTTON DYED,60,Yarn,,1,,Mtr,60
120/2 VISCOS WHITE,61,Yarn,,1,,Mtr,61
42S LICRA WHITE,62,Yarn,,1,,Mtr,62
2/60S COT WHITE,63,Yarn,,1,,Mtr,63
20S  COT WHTIE,64,Yarn,,1,,Mtr,64
150/300 BRIGHT DYED MIX,65,Yarn,,1,,Mtr,65
SHALIMAR BLACK,66,Jacquard,,1,,Mtr,66
SALONI,67,Fancy,581092,115,2,Mtr,67
SALONI ANTIQUE,68,Jacquard,,1,,Mtr,68
MADHURA,69,Jacquard,5212,1,,Mtr,69
TOOLIKA,70,,,1,,Mtr,70
TOOLIKA ANTIQUE,71,Jacquard,,1,,Mtr,71
MONARCH,72,Jacquard,520833,1,4,Mtr,72
MONARCH CHIKU,73,Jacquard,,1,,Mtr,73
MRIGNAINI,74,Jacquard,,1,,Mtr,74
INDRANI,75,Jacquard,,1,,Mtr,75
LEENO,76,Chiffon,,1,,Mtr,76
MONARCH BLACK,77,Jacquard,,1,,Mtr,77
RUDRA,78,Jacquard,5212,90,,Mtr,78
ASTHA,79,,,1,,Mtr,79
BARBI CHECKS,80,Jacquard,,1,,Mtr,80
BORDER BUTTA,81,Fancy,,60,,Mtr,81
COTTON SATTIN,82,Chiffon,,1,,Mtr,82
CRUSH SATTIN,83,Fancy,5210,49,,Mtr,83
BRIGHT SATTIN,84,Fancy,5210,47,,Mtr,84
MEGHA,85,Jacquard,551611,1,4,Mtr,85
MRIGANK,86,,,1,,Mtr,86
PASHMEENA,87,,,1,,Mtr,87
RAGINI,88,,,1,,Mtr,88
SHALIMAR COMMON BLACK,89,Jacquard,,1,,Mtr,89
SHAMBHAVI,90,,,1,,Mtr,90
SHREYA SILVER,91,Jacquard,,1,,Mtr,91
GREY FABRICS,92,Grey All,5407,1,3,Mtr,92
SILVER LUREX,93,Jacquard,,1,,Mtr,93
GLITER,94,Jacquard,540822,0,3,Mtr,94
BRIGHT JAQUARD,95,Jacquard,,1,,Mtr,95
PC PLAIN,96,,,1,,Mtr,96
SJT 2X1,97,Chiffon,5208,0,,Mtr,97
ANTEEK ZARI,98,Jacquard,,1,,Mtr,98
COTTON JAQUARD,99,,,1,,Mtr,99
DD,100,Semi Jacquard,,1,,Mtr,100
JACQUARD,101,Jacquard,,1,,Mtr,101
JAQUARD GOLD,102,Jacquard,,1,,Mtr,102
MAJESTY BLACK GOLD,103,Jacquard,,1,,Mtr,103
JAQUARD COTTON,104,Jacquard,,1,,Mtr,104
SRIRAM BUTTY ZARI,105,Butta,,1,,Mtr,105
KASAB ZARI JAQUARD,106,Jacquard,,1,,Mtr,106
LUREX JAQUARD,107,Jacquard,,1,,Mtr,107
SHALIMAR GOLD,108,Jacquard,,1,,Mtr,108
SHRINGAR COMMON WHITE,109,Jacquard,,1,,Mtr,109
BLACK JAQUARD,110,Jacquard,,1,,Mtr,110
SHIMMER BLACK,111,Jacquard,,1,,Mtr,111
MONARCH CHIKU BLACK,112,Jacquard,,1,,Mtr,112
MAJESTY CHIKU BLACK,113,Jacquard,,1,,Mtr,113
MADHAVI,114,Fancy,521031,61,2,Mtr,114
SHRISTI,115,Jacquard,,1,,Mtr,115
ZARA MONO,116,Jacquard,,1,,Mtr,116
SHRINGAR COMMON BLACK,117,Jacquard,,1,,Mtr,117
AMBALIKA ANTIQUE,118,Jacquard,,1,,Mtr,118
AMBALIKA COMMON BLACK,119,Jacquard,,1,,Mtr,119
SINGAL JAQUARD,120,Jacquard,,1,,Mtr,120
SHRINGAR WHITE,121,Jacquard,,1,,Mtr,121
SALONI SILVER,122,Jacquard,,1,,Mtr,122
MADHURA SILVER,123,Jacquard,,1,,Mtr,123
KAREENA JACQUARD,124,Fancy,,1,,Mtr,124
AMBALIKA BLACK GOLD,125,Jacquard,,1,,Mtr,125
SHRINGAR BLACK,126,Jacquard,,1,,Mtr,126
MONARCH DARK CHIKU,127,Jacquard,,1,,Mtr,127
MONARCH FOWN,128,Jacquard,,1,,Mtr,128
SHRINGAR CROSS,129,Jacquard,,1,,Mtr,129
SHALIMAR MEENA,130,Jacquard,,1,,Mtr,130
MAJESTY WHITE GOLD,131,Jacquard,,1,,Mtr,131
SHALIMAR COMMON WHITE,132,Jacquard,,1,,Mtr,132
FENT,133,Jacquard,551611,1,3,Mtr,133
SAMEERA,134,Fancy,521031,80,4,Mtr,134
MONALIKA,135,Jacquard,,1,,Mtr,135
MAJESTY BLACK,136,Jacquard,,1,,Mtr,136
100X120/80X72,137,,,1,,Mtr,137
WINDOW JAQUARD,138,Jacquard,,1,,Mtr,138
B.DAMAN BRIGHT,139,Jacquard,,1,,Mtr,139
DULL JACQUARD,140,Jacquard,,1,,Mtr,140
MULTY JAQUARD,141,Jacquard,,1,,Mtr,141
TERRY VOILE,142,,,1,,Mtr,142
FINISH PLAIN,143,,,1,,Mtr,143
SELF JAQUARD BUTTA,144,Jacquard,,1,,Mtr,144
MONARCH GOLD,145,Jacquard,,1,,Mtr,145
PATTAN COTTON JAQUARD,146,Jacquard,,1,,Mtr,146
SHALIMAR GREY,147,Jacquard,,1,,Mtr,147
P.C.JAQUARD,148,Jacquard,,1,,Mtr,148
BORDER JAQUARD,149,Jacquard,,1,,Mtr,149
KAREENA ZARI JACQUARD,150,Jacquard,,1,,Mtr,150
KOTA CHECKS,151,Jacquard,5210,1,,Mtr,151
SANIA,152,Jacquard,,1,,Mtr,152
ZARA CROSS,153,Jacquard,,1,,Mtr,153
157,154,Jacquard,,1,,Mtr,154
COTTON JACQUARD (R),155,Jacquard,5515,0,,Mtr,155
2/40S X 20S FLEX,156,,,0,,Mtr,156
BUTTA+GOLD BRASOO,157,Butta,,0,,Mtr,157
GOLD BARSOO BUTTA,158,Butta,,0,,Mtr,158
BORDER BUTTA SILVER,159,Butta,,1,,Mtr,159
100X120/92X104,160,,,0,,Mtr,160
REEMA,161,Fancy,521031,69,2,Mtr,161
COTTON LEENO,162,Fancy,520831,62,2,Mtr,162
CRUSH GOLD BUTTA,163,Fancy,,1,,Mtr,163
40X60 COTTON,164,Chiffon,5210,1,1,Mtr,164
SJT (FR),165,Chiffon,,1,,Mtr,165
CRUSH MULTY BUTTA,166,Fancy,,49,,Mtr,166
55X55 HIGH TWIST,167,Chiffon,520831,45,2,Mtr,167
COLOUR MULTY BUTTA,168,Butta,,1,,Mtr,168
MAHI,169,Jacquard,520811,1,4,Mtr,169
PLAIN ZARI,170,,,1,,Mtr,170
54X54 PLAIN,171,,,0,,Mtr,171
CRUSH BUTTA,172,Fancy,,1,,Mtr,172
KAREENA.,173,Fancy,521031,66,2,Mtr,173
SADHANA,174,Fancy,,72,,Mtr,174
TANU,175,Jacquard,,1,,Mtr,175
VENUS,176,Jacquard,5212,1,,Mtr,176
SATIN+BORDER,177,Satin,,1,,Mtr,177
BLACK N WHITE JACQUARD,178,Jacquard,,1,,Mtr,178
40X60 PLAIN,179,Grey All,520831,1,2,Mtr,179
BORDER MULTY CRUSH(2),180,Fancy,,1,,Mtr,180
BORDER SILVER BUTTA,181,Fancy,,1,,Mtr,181
MYRA,182,Jacquard,,1,,Mtr,182
CHITRA,183,Fancy,521031,62,2,Mtr,183
BRASSO DHUPLAN NET GREY,184,Jacquard,,1,,Mtr,184
SATIN + 60X60/92X88,185,Satin,,1,,Mtr,185
LEENO JACQUARD BUTTA,186,Fancy,,1,,Mtr,186
2X1/80X80,187,,,0,,Mtr,187
BORDER WHITE BUTTA,188,Chiffon,,1,,Mtr,188
COTTON COLOUR BUTTA(BLACK),189,Fancy,,56,,Mtr,189
SAPNA,190,Fancy,521031,67,2,Mtr,190
DC-LIVA,191,Jacquard,551614,0,3,Mtr,191
COLOUR BUTTA + 60X60/92X88,192,Butta,,0,,Mtr,192
JACQUARD KASBHA,193,Jacquard,,1,,Mtr,193
30X30,194,,,0,,Mtr,194
BORDER LINAN SATTIN,195,Chiffon,,1,,Mtr,195
GAYATRI,196,Fancy,521031,69,2,Mtr,196
SHALIMAR COMMON GOLD,197,Jacquard,,1,,Mtr,197
BLACK BUTTA,198,Butta,,1,,Mtr,198
PRIYANKA,199,Fancy,521031,61,2,Mtr,199
HUSMUKH,200,Jacquard,,47,,Mtr,200
JACQUARD BORDER PLAIN SATTIN,201,Chiffon,,1,,Mtr,201
FANCY BORDER SATIN,202,Chiffon,,1,,Mtr,202
JYOTI,203,Fancy,521031,69,2,Mtr,203
40X60 X 62X62,204,,,19.8,,Mtr,204
BRIGHT LEENO,205,Chiffon,,1,,Mtr,205
COTTON FANCY FENT,206,Chiffon,5208,1,,Mtr,206
BORDER MULTY SATTIN,207,Fancy,5208,1,,Mtr,207
"40XCOTTON REMI 48""",208,Jacquard,,1,,Mtr,208
COTTON FANCY LEENO,209,Chiffon,,1,,Mtr,209
40X54 72X72,210,Grey All,5208,0,,Mtr,210
COTTON 2X1,211,Chiffon,520831,56,2,Mtr,211
BRASSO NET COTTON GREY,212,Jacquard,,1,,Mtr,212
BORDER MULTY CRUSH,213,Fancy,,1,,Mtr,213
40X60 PLUS BUTTA,214,Butta,,0,,Mtr,214
JACQUARD BRIGHT,215,Jacquard,,1,,Mtr,215
BORDER JACQUARD MULTY BUTTA,216,Fancy,,1,,Mtr,216
40X60 DOCTAR BUTTA,217,,,1,,Mtr,217
COTTON 2X1 (FRESH),218,Chiffon,520831,0,2,Mtr,218
REAL,219,,,1,,Mtr,219
CRUSH BIT,220,Fancy,5210,31.25,,Mtr,220
BRIGHT BIT,221,Fancy,5210,37.5,,Mtr,221
JACQUARD BIT,222,Fancy,521031,0,2,Mtr,222
PLAZO,223,Jacquard,5212,1,,Mtr,223
JANVI,224,Fancy,521031,69,2,Mtr,224
COTTON LEENO BIT,225,Fancy,,1,,Mtr,225
DOUBLE COLOUR BUTTA,226,Butta,,1,,Mtr,226
GOLD BRASOO,227,Fancy,,1,,Mtr,227
60X60 SEMI,228,,,1,,Mtr,228
54X60/76X76,229,,,0,,Mtr,229
RIB,230,Jacquard,5212,1,,Mtr,230
60X60/92X88 COTTON PLAIN,231,,,1,,Mtr,231
SALLY BRASOO+BUTTA,232,Fancy,,1,,Mtr,232
PRAGYA,233,Fancy,5210,60,,Mtr,233
GOLDIE,234,,,1,,Mtr,234
RIYA FENT,235,,,1,,Mtr,235
KING,236,Jacquard,5212,90,,Mtr,236
SINGLE BLACK BUTTA,237,Butta,,1,,Mtr,237
SATIN LINING,238,Satin,,1,,Mtr,238
ONE SIDE BORDER,239,Border Butta,,0,,Mtr,239
SILLEY+RUST BRASOO,240,Fancy,,1,,Mtr,240
60X60 PLAIN,241,,,1,,Mtr,241
LEE,242,Jacquard,520812,1,4,Mtr,242
CAMBRIC  60X60/92X88 TABLE,243,Jacquard,520811,1,6,Mtr,243
TABALE  60X60,244,,,1,,Mtr,244
BRASOO SILKI,245,Fancy,,1,,Mtr,245
FLASH,246,,,0,,Mtr,246
SALLY SATIN,247,Satin,,1,,Mtr,247
"COTTON 48""",248,Jacquard,,1,,Mtr,248
FLEX,249,,,1,,Mtr,249
SHRUTI,250,Fancy,521031,71,2,Mtr,250
JAQUARD COPPER BRASSO,251,Fancy,,58,,Mtr,251
JAQUARD BIT(J-44),252,Fancy,,60,,Mtr,252
SUPRIYA,253,Fancy,521031,77,2,Mtr,253
80X76,254,,,0,,Mtr,254
STAPLE,255,,,0,,Mtr,255
RAYON 14 KGS,256,,,0,,Mtr,256
AASTHA,257,Fancy,,56,,Mtr,257
45PVX45PV 80X76,258,Grey All,551511,0,1,Mtr,258
2X1/72X80,259,,,0,,Mtr,259
SPECIAL BORDER,260,Fancy,,0,,Mtr,260
ROYAL BUTI,261,Jacquard,520833,1,4,Mtr,261
KAVITA,262,Fancy,521031,63,2,Mtr,262
RITIKA,263,Jacquard,,1,,Mtr,263
SINGLE COLOUR BUTTA,264,Butta,,0,,Mtr,264
KO,265,,,0,,Mtr,265
MARRIE,266,Jacquard,5212,1,,Mtr,266
SINI MINI,267,Jacquard,5212,1,,Mtr,267
EVEREST,268,Jacquard,551611,70,3,Mtr,268
ZERO FLEX,269,Jacquard,520812,1,4,Mtr,269
BRIGHT SATTIN ZARI,270,Fancy,,56,,Mtr,270
TANYA,271,Fancy,521031,69,2,Mtr,271
COTTON FENT 2X1,272,Chiffon,5208,0,,Mtr,272
JACQUARD BIT (J),273,Fancy,,1,,Mtr,273
METY  JAQUARD,274,,,1,,Mtr,274
BORDER J BUTTA SPL (S),275,Fancy,,61,,Mtr,275
KAVERI,276,Fancy,521031,66,2,Mtr,276
RAYON EAMBOSS,277,Jacquard,,70,,Mtr,277
BRIGHT MULTY SATIN (SPL),278,Fancy,,54,,Mtr,278
KARISHMA,279,Fancy,521031,79,2,Mtr,279
NANDENI,280,Jacquard,5515,64,,Mtr,280
HEMA,281,Fancy,521031,67,2,Mtr,281
"76X76 PLAIN 39""",282,,,0,,Mtr,282
EAGLE,283,Jacquard,5515,1,,Mtr,283
NEHA,284,Jacquard,5212,1,,Mtr,284
ALIA,285,Jacquard,5212,1,,Mtr,285
RAYON 17KG,286,Jacquard,,1,,Mtr,286
NISHA,287,Jacquard,5515,1,,Mtr,287
PARK,288,Jacquard,5212,1,,Mtr,288
HANUMAN BUTTA,289,,,0,,Mtr,289
COTTON SLUB,290,Jacquard,520812,1,4,Mtr,290
RAYON 17 KGS,291,Jacquard,,1,,Mtr,291
ASHA,292,Fancy,5210,58,,Mtr,292
KAJAL,293,Fancy,521031,69,2,Mtr,293
SHAIFALI,294,Fancy,521031,67,2,Mtr,294
90S COTTON,295,Yarn,,0,,Mtr,295
GOLD BUTTA,296,Butta,,0,,Mtr,296
COTTON 2X2,297,Chiffon,520831,0,2,Mtr,297
GOLD CHECKS,298,,,0,,Mtr,298
BLACK MEENA JAQUARD,299,Jacquard,,1,,Mtr,299
MIX JACQUARD,300,Jacquard,,1,,Mtr,300
SHIMMER JAQUARD,301,Jacquard,,1,,Mtr,301
NET JAQUARD,302,Jacquard,,1,,Mtr,302
SHALIMAR MONO,303,Jacquard,,1,,Mtr,303
SURAT DAMAN JAQUARD,304,Jacquard,,1,,Mtr,304
SURAT ZARI JAQUARD,305,Jacquard,,1,,Mtr,305
SATIN JAQUARD,306,Jacquard,,1,,Mtr,306
MONALIKA CROSS,307,Jacquard,,1,,Mtr,307
SHALIMAR COMMON CHIKU,308,Jacquard,,1,,Mtr,308
SALONI MULTI,309,Jacquard,,1,,Mtr,309
BIG BORDER JAQUARD,310,Jacquard,,1,,Mtr,310
LEENA,311,Fancy,520831,57,2,Mtr,311
SMALL BORDER BUTTA BRIGHT,312,Jacquard,,1,,Mtr,312
BIG BRIGHT BORDER,313,Jacquard,,1,,Mtr,313
KOMAL,314,Jacquard,,1,,Mtr,314
CAMBRIC,315,Jacquard,520811,38,4,Mtr,315
FABRICS,316,Kurti,996791,1,4,Mtr,316
DOBBY,317,Dobby,,32,,Mtr,317
BRIGHT MULTY LEENO (SPL),318,Leeno,,0,,Mtr,318
COTTON MULTY BUTTA (WHITE),319,Fancy,,55,,Mtr,319
RADHA,320,Fancy,5210,61,,Mtr,320
RAYON FLEX,321,Jacquard,551611,1,6,Mtr,321
BS GREY,322,,,0,,Mtr,322
DIYA,323,Fancy,,82,,Mtr,323
SUPER FLEX,324,Jacquard,551511,1,3,Mtr,324
22,325,Suit,,1,,Mtr,325
34,326,Suit,,1,,Mtr,326
29,327,Suit,,1,,Mtr,327
30,328,Suit,,1,,Mtr,328
36,329,Suit,,1,,Mtr,329
11,330,Suit,,1,,Mtr,330
24,331,Suit,,1,,Mtr,331
CHIFFON BUTTA FENT,332,Chiffon,5210,1,,Mtr,332
SATIN PATTA,333,Chiffon,,1,,Mtr,333
60X60 MULTY BUTTA,334,Butta,,0,,Mtr,334
60X60 BUTTA,335,Butta,,0,,Mtr,335
WHITE MULTY BUTTA GREY,336,,,1,,Mtr,336
RAYON SLUB,337,Jacquard,551611,41.5,4,Mtr,337
RAYAN PLAIN,338,,,37.5,,Mtr,338
BRIGHT JAQUARD FENT,339,Chiffon,,1,,Mtr,339
CHANDRA MUKHI COMMON CREAM,340,Jacquard,,1,,Mtr,340
SILVER BUTTA ZARI,341,,,1,,Mtr,341
RIYA,342,Jacquard,5515,1,,Mtr,342
RIYA NX,343,,,1,,Mtr,343
18,344,Suit,,1,,Mtr,344
MARIA,345,Jacquard,5515,0,,Mtr,345
SJT (SECOND),346,Chiffon,521031,0,2,Mtr,346
COTTON SILVER BUTTA,347,Fancy,,1,,Mtr,347
COTTON MULTY SATIN,348,Chiffon,,1,,Mtr,348
60X60/92X80,349,,,1,,Mtr,349
COTTON SATIN FENT,350,Chiffon,,1,,Mtr,350
"ROYAL   58""",351,Shirting,,1,,Mtr,351
"ACCORD 58""",352,Shirting,,1,,Mtr,352
35,353,Suit,,1,,Mtr,353
BUTTA+COLOUR SATIN GREY,354,,,1,,Mtr,354
EMBROIDERY,355,,,0,,Mtr,355
SRM (FRESH),356,Chiffon,52103990,1,,Mtr,356
SRM (SECOND),357,Chiffon,,1,,Mtr,357
LEENO COTTON,358,,,1,,Mtr,358
MULTY COLOUR BUTTA BORDER CHEKS,359,,,1,,Mtr,359
SATIN COMMON CHIKU,360,Jacquard,,1,,Mtr,360
SHANTI,361,Fancy,521031,67,2,Mtr,361
"AUSTIN 58""",362,Shirting,,1,,Mtr,362
RAYAN,363,,,33.25,,Mtr,363
"SUPER SKY 44""",364,Shirting,,1,,Mtr,364
COTTON PRINT FENT,365,Fancy,5208,1,,Mtr,365
COTTON BRIGHT FENT,366,Chiffon,,1,,Mtr,366
LEENO + SATIN,367,,,1,,Mtr,367
SHAGUN FINISH,368,,,49,,Mtr,368
SANIYA JECQUARD,369,,,29.75,,Mtr,369
COTTON BORDER JAQUARD,370,Chiffon,,1,,Mtr,370
GEORGTTE,371,Shirting,,1,,Mtr,371
37,372,Suit,,1,,Mtr,372
MONALIKA MONO,373,Jacquard,,1,,Mtr,373
80X80 COTTON SATIN,374,,,38,,Mtr,374
MULTY SATIN+JAQUARD COLOUR BUTTA,375,,,1,,Mtr,375
"60*20*20  60""",376,,,65,,Mtr,376
SHIRTING 2END,377,Shirting,,1,,Mtr,377
JAQUARD BUTTA,378,Chiffon,5210,1,,Mtr,378
MULTY BUTTA+MULTY COLOUR SATIN,379,,,1,,Mtr,379
JAQUARD BLACK,380,,,1,,Mtr,380
"PRESIDENT 58""",381,Shirting,,1,,Mtr,381
"MINISTER 58""",382,Shirting,,1,,Mtr,382
BUTTA,383,Butta,,1,,Mtr,383
BLACK PICK-N-PICK (RAYON),384,,,0,,Mtr,384
EMBROIDERY BORING,385,Jacquard,,0,,Mtr,385
CHEKS,386,Fancy,521031,73,2,Mtr,386
SONALI,387,Fancy,5208,65,,Mtr,387
MUL-MUL 80X72,388,Jacquard,,0,,Mtr,388
DZIRE (DONT USE),389,Jacquard,5515,1,4,Mtr,389
FLEX PLAZO,390,Jacquard,5309,1,,Mtr,390
MADHURI,391,Fancy,5210,72,,Mtr,391
RUBY,392,Fancy,5208,67,,Mtr,392
FANCY RAYON,393,Jacquard,551512,1,6,Mtr,393
MATKA,394,Jacquard,,1,,Mtr,394
COTTON 2X1 (SECOND),395,Chiffon,520831,0,2,Mtr,395
PLAIN 120GM,396,,,0,,Mtr,396
CITI,397,Jacquard,5212,1,,Mtr,397
40SX30S NEPS/68X58,398,,,0,,Mtr,398
RAYON DOBBY,399,Fancy,5515,0,,Mtr,399
RAYON BUTTI,400,Jacquard,551511,0,6,Mtr,400
COTTON FLEX,401,Jacquard,520812,0,6,Mtr,401
GOLD BUTTI,402,Jacquard,551612,0,4,Mtr,402
"DOBB BRT BUTT 39""",403,,,0,,Mtr,403
GREY PLAZO,404,Jacquard,5212,0,,Mtr,404
WHITE PLAZO,405,Jacquard,,0,,Mtr,405
A/L RAYON 14KG,406,Jacquard,,0,,Mtr,406
RAYON 13KG,407,Jacquard,,0,,Mtr,407
MULTY FLEX,408,Jacquard,551311,1,4,Mtr,408
RAYON FENT,409,Poster,5515,0,,Mtr,409
DEEPIKA,410,Fancy,520831,78,2,Mtr,410
RAYON,411,Jacquard,5515,1,,Mtr,411
FILA,412,Jacquard,551511,1,6,Mtr,412
HONEY,413,Jacquard,520833,1,4,Mtr,413
SQUARE,414,Jacquard,540710,0,4,Mtr,414
2X1 COTTON,415,Chiffon,5208,0,,Mtr,415
NANCY,416,Jacquard,5212,0,,Mtr,416
TASPA,417,Jacquard,,0,,Mtr,417
FLEX SLUB,418,Jacquard,,0,,Mtr,418
CUBE,419,Jacquard,540710,1,3,Mtr,419
JACQUARD BUTTA SPECIAL,420,Fancy,,70,,Mtr,420
STREET,421,Jacquard,5212,0,,Mtr,421
RAYON 12KG,422,Jacquard,,0,,Mtr,422
PURE GOLD,423,Jacquard,,0,,Mtr,423
NARGIS,424,Fancy,521031,69,2,Mtr,424
SALMA,425,Fancy,521031,71,2,Mtr,425
RAYON EMB,426,Jacquard,5515,0,,Mtr,426
COTTON 2X2 (FRESH),427,Chiffon,520831,0,2,Mtr,427
RS-54,428,Jacquard,,0,,Mtr,428
PICK N PICK,429,Jacquard,,0,,Mtr,429
RAYON 48,430,Jacquard,551611,1,6,Mtr,430
R.S. 48,431,Jacquard,551511,1,3,Mtr,431
COTTON SLUB 48,432,Jacquard,520812,0,4,Mtr,432
PLATINUM 44,433,Jacquard,,1,,Mtr,433
"RAYON 63""",434,Jacquard,5408,0,,Mtr,434
SATIN RFD,435,Jacquard,,0,,Mtr,435
MAGIC SLUB,436,Jacquard,,0,,Mtr,436
BUTTER FLEX,437,Jacquard,551511,0,4,Mtr,437
CS 54,438,Jacquard,,0,,Mtr,438
RAVINA,439,Fancy,5210,58,,Mtr,439
BLACK PLAZO,440,Jacquard,,0,,Mtr,440
RAYON 58,441,Jacquard,551611,0,3,Mtr,441
RAYON PRINT,442,Jacquard,5515,0,,Mtr,442
COTTON 2X2 (FENT),443,Chiffon,5208,30,,Mtr,443
SUPEEMA SILK,444,Jacquard,5407,1,,Mtr,444
JHALAK,445,Fancy,5210,60,,Mtr,445
SANDHYA,446,Fancy,5208,70,,Mtr,446
AMAZE,447,Jacquard,5212,0,,Mtr,447
AMAZE PLAZO,448,Jacquard,5212,0,,Mtr,448
FILA EMBROIDERY,449,Jacquard,5515,1,,Mtr,449
ULTRA,450,Jacquard,5515,0,,Mtr,450
KHADI RAYON,451,Jacquard,551511,0,4,Mtr,451
C.V,452,Jacquard,520812,0,4,Mtr,452
APC,453,Jacquard,5515,0,,Mtr,453
RAYON JACQUARD,454,Jacquard,551511,0,6,Mtr,454
BOOM,455,Jacquard,5212,0,,Mtr,455
KOHINOOR FENT,456,Jacquard,5212,0,,Mtr,456
MONARCH FENT,457,Jacquard,5212,0,,Mtr,457
COTTON EMBRO FENT,458,Jacquard,5212,0,,Mtr,458
BOMBAY CAMBRIC,459,Jacquard,5212,0,,Mtr,459
SUPEEMA SILK 58,460,Jacquard,5407,1,,Mtr,460
JAM SILK,461,Jacquard,5212,0,,Mtr,461
"RAYON48"" 68/60",462,Jacquard,5408,0,,Mtr,462
COTTON LYCRA,463,Jacquard,5208,0,,Mtr,463
"RAYON63""",464,Jacquard,54081000,0,,Mtr,464
RAYON CROSS,465,Jacquard,5515,0,,Mtr,465
COTTON SATTIN (SPECIAL) 44,466,Fancy,5208,70,,Mtr,466
MONA,467,Fancy,521031,69,2,Mtr,467
CORD,468,Jacquard,5212,0,4,Mtr,468
DOT,469,Jacquard,520851,0,3,Mtr,469
JUHI,470,Fancy,551511,78,2,Mtr,470
COTTON EMB.,471,,,1,,Mtr,471
"P.V MAGIC 63""",472,Jacquard,5515,0,,Mtr,472
02-POST SALE DISCOUNT,473,Chiffon,5208,0,,Mtr,473
03-DEFICIENCY IN SERVICE,474,Debit And Credit,,0,,Mtr,474
04-CORRECTION IN INVOICE,475,Debit And Credit,,0,,Mtr,475
06-FINALIZATION OF PROVISIONAL ASSESSMENT,476,Debit And Credit,,0,,Mtr,476
07-OTHERS,477,Debit And Credit,,0,,Mtr,477
"60X60 SATIN 48""",478,Satin,5208,0,,Mtr,478
"P.V MAGIC 48""",479,Jacquard,5515,0,,Mtr,479
RAYON PLAIN,480,Jacquard,5516,0,,Mtr,480
SELF,481,Jacquard,5212,0,,Mtr,481
"RAYON SLUB63""",482,Jacquard,5408,0,,Mtr,482
RAYON LYCRA,483,Jacquard,5516,0,,Mtr,483
"RAYON SLUB54""",484,Jacquard,5408,0,,Mtr,484
PRAGATI,485,Fancy,521031,75,2,Mtr,485
RAYON DOT,486,Jacquard,551611,0,4,Mtr,486
COTTON PLAIN,487,Jacquard,5212,1,,Mtr,487
SHRI RAM BUTTA,488,Butta,,1,,Mtr,488
SEMI JACQUARD,489,Jacquard,,0,,Mtr,489
FANCY COTTON SATIN,490,Satin,,1,,Mtr,490
SINGEL BORDER SILVER,491,Singel Border Silver,,1,,Mtr,491
SEMI JACQUARD GOLD,492,Semi Jacquard,,1,,Mtr,492
KAREENA ZARI,493,Jacquard,,1,,Mtr,493
VIVA,494,Jacquard,551311,1,3,Mtr,494
MULTY LEENO,495,Leeno,,1,,Mtr,495
SATIN,496,Plain.,5212,1,,Mtr,496
EMB. WHITE,497,,,1,,Mtr,497
JACQUARD WHITE,498,Jacquard,,1,,Mtr,498
JACQUARD CHIKU,499,Jacquard,,1,,Mtr,499
PLATINUM,500,Jacquard,5212,1,,Mtr,500
1X1 BUTTA,501,Butta,,1,,Mtr,501
BORDER JACORD,502,Jacquard,,1,,Mtr,502
LATIKA,503,Jacquard,,1,,Mtr,503
NEW ITEM,504,Jacquard,,1,,Mtr,504
YAKSHA,505,,,1,,Mtr,505
FOX,506,Jacquard,5515,0,,Mtr,506
RAYON PLAIN 12KG,507,Jacquard,5408,0,,Mtr,507
PADMAAVATI,508,Jacquard,5212,1,,Mtr,508
LIVA,509,Jacquard,5515,0,,Mtr,509
C.S. 48-SHADED,510,Jacquard,5212,0,4,Mtr,510
RAYON GOLD BUTTA,511,Jacquard,5515,0,,Mtr,511
ROOPA,512,Fancy,5210,58,,Mtr,512
R.S. 58,513,Jacquard,551611,0,3,Mtr,513
RIVA,514,Jacquard,551511,0,4,Mtr,514
COTTON SLUB LYCRA,515,Jacquard,520811,0,3,Mtr,515
RAYON LINING,516,Jacquard,5515,0,,Mtr,516
MAL-MAL,517,Jacquard,5208,0,,Mtr,517
SWEETY,518,Fancy,520851,67,2,Mtr,518
DOT PRINT,519,Jacquard,551511,0,4,Mtr,519
R.S.48 -SHADED,520,Jacquard,5515,0,,Mtr,520
SUSHMITA,521,Fancy,5210,68,,Mtr,521
RAY,522,Jacquard,5407,0,,Mtr,522
FUR,523,Jacquard,5516,0,,Mtr,523
RAYON KATHA,524,Jacquard,5515,0,,Mtr,524
RAYON GOLD,525,Jacquard,551611,0,4,Mtr,525
SHILPA,526,Fancy,5210,75,,Mtr,526
AISHWARYA,527,Fancy,5210,80,,Mtr,527
SIMRAN,528,Fancy,520851,62,2,Mtr,528
SATIN JACQ BUTTA,529,Jacquard,5208,0,,Mtr,529
COTTON VISCOSE,530,Jacquard,5208,0,,Mtr,530
KIRTHI,531,Fancy,5210,0,,Mtr,531
BOARING BOARDER,532,Jacquard,5515,0,,Mtr,532
LINEN PLUS,533,Plain.,5208,0,,Mtr,533
MUSLIN,534,Jacquard,5515,0,,Mtr,534
GANGA,535,Fancy,5210,65,,Mtr,535
JAGRUTI,536,Fancy,5210,70,,Mtr,536
VEERA,537,Jacquard,5212,0,,Mtr,537
FLAT BOARD,538,Grey All,,0,,Mtr,538
GOLDEN TOUCH,539,Jacquard,5212,0,,Mtr,539
SUPER RAYON,540,Jacquard,5515,0,,Mtr,540
RS-48 PRINT,541,Jacquard,551511,0,4,Mtr,541
MOSS SLUB,542,Jacquard,5515,0,,Mtr,542
CROSS BUTTA,543,Jacquard,5515,0,,Mtr,543
POOJA,544,Fancy,5210,65,,Mtr,544
"R.S LYCRA 72""",545,Jacquard,5516,0,,Mtr,545
SALONI.,546,Fancy,581092,115,2,Mtr,546
FANCY FABRICS,547,Fancy,5208,0,,Mtr,547
GOLDY,548,Jacquard,5515,0,,Mtr,548
FLORA,549,Jacquard,551511,0,3,Mtr,549
SARITA,550,Fancy,521031,70,2,Mtr,550
45PVX45PV 84X76,551,Grey All,,0,,Mtr,551
"R.S. LYCRA 80""",552,Jacquard,5208,0,,Mtr,552
GLORY,553,Jacquard,5208,0,,Mtr,553
RACHANA,554,Fancy,5210,0,,Mtr,554
ANUSHKA,555,Fancy,521031,75,2,Mtr,555
ENGLISH PRINT,556,Jacquard,5515,0,,Mtr,556
RAYON SLUB LYCRA,557,Jacquard,5516,0,,Mtr,557
CADBURY,558,Jacquard,5212,0,,Mtr,558
FIVE STAR,559,Jacquard,5212,0,,Mtr,559
LONDON,560,Jacquard,5515,0,,Mtr,560
SENORITA,561,Fancy,521031,58,2,Mtr,561
PRINCESS,562,Jacquard,5408,0,,Mtr,562
TITAN,563,Jacquard,5309,0,,Mtr,563
SUNITA,564,Fancy,5210,80,,Mtr,564
150/350 BRIGHT DYED MIX,565,Yarn,,0,,Mtr,565
150/048 BRIGHT DYED MIX,566,Yarn,,0,,Mtr,566
LINING,567,Jacquard,5212,0,,Mtr,567
FOOT BALL,568,Jacquard,520811,0,4,Mtr,568
R.S. 54,569,Jacquard,551511,0,4,Mtr,569
SATIN LYCRA,570,Jacquard,5208,0,,Mtr,570
NOVA,571,Jacquard,551511,0,3,Mtr,571
LIVA M & M,572,Jacquard,551511,0,3,Mtr,572
DANNY,573,Jacquard,5212,0,,Mtr,573
JEEVIKA,574,Jacquard,5208,0,,Mtr,574
R.S. LYCRA,575,Jacquard,5516,0,,Mtr,575
"LEENO BORD 39""",576,Grey All,,0,,Mtr,576
"R. DOT 63""",577,Jacquard,5516,0,,Mtr,577
RIM ZIM,578,Jacquard,5515,0,,Mtr,578
"RAYON DOT 63""",579,Jacquard,5516,0,,Mtr,579
ENVIL,580,Jacquard,551511,0,4,Mtr,580
55X55 HIGH TWIST (SECOND),581,Chiffon,5208,0,,Mtr,581
SARIKA,582,Fancy,5210,67,,Mtr,582
FANCY RAYON PRINT,583,Jacquard,5515,0,,Mtr,583
MLT LINEN,584,Jacquard,5407,0,,Mtr,584
SPECIAL GOLD,585,Jacquard,5515,0,,Mtr,585
RAYON ST,586,Jacquard,5515,0,,Mtr,586
SILK RAYON,587,Jacquard,551511,0,3,Mtr,587
INJECTION SLUB,588,Jacquard,5208,0,,Mtr,588
SAVITRI,589,Fancy,520831,67,2,Mtr,589
HEAVY SATIN,590,Jacquard,5208,0,,Mtr,590
DC-RIVA,591,Jacquard,5515,0,,Mtr,591
RAYON DOT 58,592,Jacquard,551611,0,3,Mtr,592
READY PLAZO,593,Jacquard,5515,0,,Mtr,593
RAYON 44,594,Jacquard,5515,0,,Mtr,594
SANA,595,Fancy,521031,65,2,Mtr,595
GIZZA,596,Jacquard,5208,0,,Mtr,596
TERRY RUBIA (F),597,Plain.,5210,0,,Mtr,597
SAHELI,598,Fancy,520831,64,2,Mtr,598
NILA,599,Jacquard,5515,0,,Mtr,599
APPLE,600,Jacquard,5212,0,,Mtr,600
RAJNI,601,Fancy,521031,67,2,Mtr,601
"SATIN LYCRA 63""",602,Jacquard,5208,0,,Mtr,602
RAYON M & M,603,Jacquard,551511,0,4,Mtr,603
DOUBLE JACQ. RAYON,604,Jacquard,5208,0,,Mtr,604
LINING JACQ. RAYON,605,Jacquard,5208,0,,Mtr,605
COMPUTER JACQ. RAYON,606,Jacquard,5208,0,,Mtr,606
C.SLUB,607,Jacquard,5212,0,,Mtr,607
RAINBOW CHECKS,608,Jacquard,5515,0,,Mtr,608
RAYON MARLEX,609,Jacquard,5515,0,,Mtr,609
PV GREY FABRICS,610,Jacquard,5515,0,,Mtr,610
COTTON FANCY,611,Jacquard,5210,0,,Mtr,611
RAYON DYED,612,Jacquard,5408,0,,Mtr,612
RAYON MULTY,613,Jacquard,5407,0,,Mtr,613
RAYON MULTY CHACKS,614,Jacquard,551511,0,6,Mtr,614
REACTIVE COTTON,615,Jacquard,5208,0,,Mtr,615
COTTON DOBBY,616,Jacquard,5208,0,,Mtr,616
JACQUARD GOLD BUTTA(J44),617,Fancy,5210,72,,Mtr,617
BORDER JACQUARD BUTTA(SPECIAL),618,Fancy,,61,,Mtr,618
CHIKAN BEAUTY,619,Fancy,581092,73,2,Mtr,619
CHIKAN BORDER,620,Fancy,581092,71,2,Mtr,620
COLOUR BRASOO,621,Fancy,,0,,Mtr,621
SUPER LOWN,622,Jacquard,,1,,Mtr,622
BORDER BIT,623,Fancy,521031,0,2,Mtr,623
BRIGHT SATTIN BTI,624,Fancy,,48,,Mtr,624
CRUSH,625,,,0,,Mtr,625
JACQUARD COLOUR BIT,626,Fancy,,1,,Mtr,626
SINGAL COLOUR BUTTA,627,Butta,,0,,Mtr,627
KHADI,628,Jacquard,,1,,Mtr,628
COTTON BIT,629,Fancy,,1,,Mtr,629
BORDER PLAIN BIT,630,Fancy,,1,,Mtr,630
BORDER JACQUARD BIT,631,Fancy,,1,,Mtr,631
60X60/144X72  '48',632,,,0,,Mtr,632
JOOT,633,,,0,,Mtr,633
KAYA NX,634,Jacquard,520833,1,4,Mtr,634
RDX,635,Jacquard,5212,1,,Mtr,635
SHEENA,636,Fancy,5210,120,,Mtr,636
SEVEN STAR,637,Jacquard,5515,0,,Mtr,637
COTTON 2X1 (R),638,Chiffon,520831,0,2,Mtr,638
COTTON 2X2 (R),639,Chiffon,520831,0,2,Mtr,639
55X55 HIGH TWIST (R),640,Chiffon,5208,0,,Mtr,640
RAYON MOSS,641,Jacquard,551512,0,4,Mtr,641
SANJANA,642,Fancy,5208,70,,Mtr,642
COTTON FANCY FENT (R),643,Fancy,5208,0,,Mtr,643
WHITE FABRICS,644,Plain.,5208,1,,Mtr,644
ALEXA,645,Jacquard,520833,0,4,Mtr,645
JANKI,646,Fancy,521031,63,2,Mtr,646
COTTON PRINT FENT (R),647,Fancy,5208,1,,Mtr,647
R.S. AIRJET,648,Jacquard,5408,0,,Mtr,648
SILKY COTTON,649,Jacquard,5212,0,,Mtr,649
R.S. AUTO,650,Jacquard,5516,0,,Mtr,650
GOLDEN JARI,651,Jacquard,5515,0,,Mtr,651
SPECIAL COTTON,652,Jacquard,5515,0,,Mtr,652
TARA,653,Fancy,520851,69,2,Mtr,653
P.V. 36 IN.,654,Jacquard,5515,0,,Mtr,654
R.S. LYCRA 78,655,Jacquard,5408,0,,Mtr,655
STRIPE 56 IN,656,Jacquard,5407,0,,Mtr,656
MANISHA,657,Jacquard,5208,0,,Mtr,657
TARA BIT,658,Fancy,5208,58,,Mtr,658
"WIDTH LINEING 63""",659,Jacquard,5515,0,,Mtr,659
RIM ZIM TWILL,660,Jacquard,5515,0,,Mtr,660
SATIN 66,661,Jacquard,5208,0,,Mtr,661
"FANCY 58""",662,Jacquard,5407,0,,Mtr,662
FINISH EMB,663,Jacquard,5513,0,,Mtr,663
"TY23 62""",664,Jacquard,5208,0,,Mtr,664
"2133 BLACK 47""",665,Jacquard,5407,0,,Mtr,665
TERRY RUBIA,666,Chiffon,5210,0,,Mtr,666
SANIKA,667,Fancy,520831,59,2,Mtr,667
KAJOL,668,Jacquard,5515,0,,Mtr,668
TUBE STRIPES,669,Jacquard,5515,0,,Mtr,669
COTTON BUTTA-03,670,Jacquard,5513,0,,Mtr,670
1170 COTTON RAYON CHECKS,671,Jacquard,5515,0,,Mtr,671
1204 RAYON POLY PATTA,672,Jacquard,5515,0,,Mtr,672
1207 RAYON POLY CHEX,673,Jacquard,5515,0,,Mtr,673
1169 COTTON RAYON ZARI CHECKS,674,Jacquard,5515,0,,Mtr,674
MAZDA,675,Jacquard,520811,0,3,Mtr,675
SAMPLE,676,Jacquard,5208,0,,Mtr,676
"1373 47""",677,Jacquard,5407,0,,Mtr,677
BOLLYWOOD,678,Jacquard,551511,0,3,Mtr,678
ITLY COTTON,679,Jacquard,5212,0,,Mtr,679
"DOBB BORD SATIN 39""",680,Grey All,,0,,Mtr,680
COTTON 2X2 (SECOND),681,Chiffon,520831,0,2,Mtr,681
RAYON TWILL,682,Jacquard,5515,0,,Mtr,682
SATIN FENT,683,Jacquard,5212,0,,Mtr,683
"63"" HEAVY SATTIN",684,Jacquard,5208,0,,Mtr,684
B LUMP,685,Jacquard,,0,,Mtr,685
"63"" 122X92860X60",686,Jacquard,5208,0,,Mtr,686
PAUL 58,687,Jacquard,5208,0,,Mtr,687
RAYON LINEN,688,Jacquard,551512,0,3,Mtr,688
BLACK MODAL,689,Jacquard,5515,0,,Mtr,689
"39"" HEAVY SATIN",690,Jacquard,5208,0,,Mtr,690
FLEX JACQUARD,691,Jacquard,5513,0,,Mtr,691
SHANTUN,692,Jacquard,5408,0,,Mtr,692
RAYON LUREX,693,Jacquard,551511,0,4,Mtr,693
PREMIUM GIZZA,694,Jacquard,5208,0,,Mtr,694
MODAL LYCRA,695,Jacquard,5516,0,,Mtr,695
SITA,696,Fancy,521031,63,2,Mtr,696
MAAHI,697,Jacquard,5208,0,,Mtr,697
ANISHKA,698,Jacquard,5515,0,,Mtr,698
RS-58 PRINT,699,Jacquard,5515,0,,Mtr,699
CLASSIC RAYON,700,Jacquard,551611,0,4,Mtr,700
DZIRE.,701,Jacquard,551611,0,3,Mtr,701
SUPER SEMI,702,Jacquard,5208,0,,Mtr,702
SUPER LYCRA,703,Jacquard,540752,0,3,Mtr,703
"RAYON STITCH 63""",704,Jacquard,5515,0,,Mtr,704
"RIMZIM DOBBY 63""",705,Jacquard,5515,0,,Mtr,705
"DOUBLE SLUB 63""",706,Jacquard,5515,0,,Mtr,706
RICA,707,Jacquard,551511,0,3,Mtr,707
COTTON LUREX,708,Jacquard,520811,0,4,Mtr,708
COTTON LAPET,709,Jacquard,5280,0,,Mtr,709
BLACK RAYON,710,Jacquard,5408,0,,Mtr,710
MIKE,711,Jacquard,5407,0,,Mtr,711
CLOTH FABRICS,712,Fancy,5210,0,,Mtr,712
PUMA COTTON,713,Jacquard,5208,0,,Mtr,713
COTTON FANCY FENT(SECOND),714,Fancy,5208,0,,Mtr,714
COTTON FANCY FENT(FRESH),715,Fancy,520831,0,2,Mtr,715
R.F. PATTERN,716,Jacquard,5208,0,,Mtr,716
R.F. STRIPES,717,Jacquard,5208,0,,Mtr,717
C.F. DOBBY,718,Jacquard,520811,0,4,Mtr,718
C.F. PATTERN,719,Jacquard,520812,0,3,Mtr,719
BREZZA TWILL,720,Jacquard,5515,0,,Mtr,720
MELANGE SLUB,721,Jacquard,5515,0,,Mtr,721
COMBO STRIPES,722,Jacquard,5516,0,,Mtr,722
MELANGE AUTO,723,Jacquard,5515,0,,Mtr,723
MODAL MELANGE,724,Jacquard,5516,0,,Mtr,724
LINEN LYCRA,725,Jacquard,551611,0,3,Mtr,725
"DESIGN NO.15 62""",726,Jacquard,5515,0,,Mtr,726
"LINEN ZARI GOLD 62""",727,Jacquard,5208,0,,Mtr,727
"STAR SLUB SILVER ZARI 62""",728,Jacquard,5515,0,,Mtr,728
"RAYON LYCRA 78""",729,Jacquard,5408,0,,Mtr,729
"PANEL 63""",730,Jacquard,,0,,Mtr,730
"RAYON PLAIN 63""",731,Jacquard,5408,0,,Mtr,731
"POLY SLUB LYCRA 78""",732,Jacquard,5408,0,,Mtr,732
"LINEN COPPER 58""",733,Jacquard,5515,0,,Mtr,733
RAYON STITCH,734,Jacquard,551512,0,3,Mtr,734
RETRO,735,Jacquard,540710,0,4,Mtr,735
GAMBIT,736,Jacquard,551511,0,3,Mtr,736
MODAL STRIPE,737,Jacquard,551511,0,3,Mtr,737
BULET FABRIC,738,Jacquard,5515,0,,Mtr,738
AVENUE,739,Jacquard,551511,0,3,Mtr,739
RAYON SILKY,740,Jacquard,5515,0,,Mtr,740
JACQUARD GREY,741,,,1,,Mtr,741
"MEGA   58""",742,Shirting,,1,,Mtr,742
FANCY SATTIN,743,Chiffon,,1,,Mtr,743
LAPETA,744,Jacquard,551511,0,,Mtr,744
SATIN PLAIN,745,,,1,,Mtr,745
HIRA PANNA,746,Jacquard,,1,,Mtr,746
"SKY      44""",747,Shirting,,1,,Mtr,747
TOP DYED,748,,,0,,Mtr,748
VENUS  ''44'',749,Shirting,,1,,Mtr,749
BORDER JACQUARD,750,Jacquard,5210,1,,Mtr,750
90/KOTA * 30 COTTON,751,,,1,,Mtr,751
90/KOTA * CITRA,752,,,1,,Mtr,752
16S COTTON SLUB,753,,,1,,Mtr,753
CORA/2/100 MASRISE PLAIN,754,,,1,,Mtr,754
SHAGUN COMMON CREAM,755,Jacquard,,1,,Mtr,755
TULIKA JACQUARD,756,Jacquard,,1,,Mtr,756
"SHINE   58""",757,Shirting,,1,,Mtr,757
PANERI,758,Jacquard,,1,,Mtr,758
40*20*20,759,,,0,,Mtr,759
ANU M&M,760,Jacquard,540710,0,3,Mtr,760
BOMBAY GOLD,761,Jacquard,5408,0,,Mtr,761
RAYON FANCY,762,Jacquard,5407,0,,Mtr,762
LINEN GOLD,763,Jacquard,551511,0,3,Mtr,763
KASAB ZARI FLEX,764,Jacquard,520812,0,3,Mtr,764
FLEX SUNDAE,765,Jacquard,5407,0,,Mtr,765
FLEX BUTTA,766,Jacquard,5407,0,,Mtr,766
RAYON ZARI STRIPES,767,Jacquard,5515,0,,Mtr,767
COSTA,768,Jacquard,,0,,Mtr,768
"R.S. FLEX LYCRA72""",769,Jacquard,5515,0,,Mtr,769
LINEN SLUB LYCRA,770,Jacquard,551511,0,3,Mtr,770
ZIGZAG,771,Jacquard,520811,0,4,Mtr,771
P.LYCRA,772,Jacquard,5408,0,,Mtr,772
GOLD STEP,773,Jacquard,540822,0,3,Mtr,773
PROVOGUE,774,Jacquard,551511,0,3,Mtr,774
"RAYON PLAIN 54""",775,Jacquard,551512,0,6,Mtr,775
ROCKET,776,Jacquard,540710,0,6,Mtr,776
MYST,777,Jacquard,5208,0,,Mtr,777
AVIATOR,778,Jacquard,551512,0,3,Mtr,778
DAFFODIL,779,Jacquard,551512,0,3,Mtr,779
"48"" HEAVY SATIN",780,Jacquard,5208,0,,Mtr,780
"RAYON FANCY 63""",781,Jacquard,5513,0,,Mtr,781
SHEESHA,782,Jacquard,5407,0,,Mtr,782
SWATI,783,Fancy,521031,63,2,Mtr,783
SILICON,784,Jacquard,5515,0,,Mtr,784
R.S. 44,785,Jacquard,551612,0,4,Mtr,785
LIQUID SPECIAL TUBE,786,Jacquard,5515,0,,Mtr,786
CRYSTA,787,Jacquard,540710,0,3,Mtr,787
DRILL LYCRA,788,Jacquard,540752,0,3,Mtr,788
BLACK & BLUE LYCRA,789,Jacquard,540752,0,3,Mtr,789
"FANCY 63""",790,Jacquard,5515,0,,Mtr,790
FLEX ZARI STRIPES,791,Jacquard,5515,0,,Mtr,791
LIQUID TWILL,792,Jacquard,5515,0,,Mtr,792
CUBA,793,Jacquard,540744,0,6,Mtr,793
TIP TOP,794,Jacquard,5407,0,,Mtr,794
KOTTON KING,795,Jacquard,5208,0,,Mtr,795
ZARI STRIPE,796,Jacquard,5407,0,,Mtr,796
COTTON BUTTI,797,Jacquard,5407,0,,Mtr,797
NEPS,798,Jacquard,5407,0,,Mtr,798
LINEN DOBBY,799,Jacquard,540710,0,3,Mtr,799
CHECKS M&M,800,Jacquard,540710,0,4,Mtr,800
KHADI SILVER,801,Jacquard,540710,0,3,Mtr,801
KHADI GOLD,802,Jacquard,540710,0,3,Mtr,802
KHADI ZARI,803,Jacquard,540710,0,3,Mtr,803
MAGNUM,804,Jacquard,540752,0,3,Mtr,804
LANA,805,Jacquard,5513,0,,Mtr,805
DIVINE,806,Jacquard,540710,0,3,Mtr,806
FUR FLEX,807,Jacquard,5407,0,,Mtr,807
C.5,808,Jacquard,540710,0,3,Mtr,808
DECENT M&M,809,Jacquard,5210,0,,Mtr,809
POLO,810,Jacquard,5408,0,,Mtr,810
LIQUID STRIPES,811,Jacquard,551511,0,3,Mtr,811
TRUMP,812,Jacquard,5515,0,,Mtr,812
RAYON BUTTA,813,Jacquard,540710,0,4,Mtr,813
FANCY KURTIS,814,Jacquard,6204,0,,Mtr,814
FABRICS..,815,Jacquard,52010011,0,,Mtr,815
"FANCY 47""",816,Jacquard,5407,0,,Mtr,816
PARACHUTE 48,817,Jacquard,540710,0,3,Mtr,817
RUBI 58,818,Jacquard,5515,0,,Mtr,818
MONTANA,819,Jacquard,540752,0,3,Mtr,819
TITO PLAIN,820,Jacquard,551511,0,3,Mtr,820
TITO SLUB,821,Jacquard,551511,0,3,Mtr,821
LIQUID DOBBY,822,Jacquard,551511,0,3,Mtr,822
STAR LIQUID,823,Jacquard,551511,0,3,Mtr,823
FLEX STICH,824,Jacquard,540710,0,3,Mtr,824
A.1,825,Jacquard,540710,0,4,Mtr,825
A.2,826,Jacquard,540710,0,4,Mtr,826
"FANCY 44""",827,Jacquard,5407,0,,Mtr,827
LIQUID RUBY,828,Jacquard,5515,0,,Mtr,828
MADHU,829,Fancy,521031,61,2,Mtr,829
RUBICCO,830,Jacquard,5515,0,,Mtr,830
LINEN COPPER,831,Jacquard,540710,0,3,Mtr,831
LINEN ZARI,832,Jacquard,5208,0,,Mtr,832
R STRIPS,833,Jacquard,5515,0,,Mtr,833
LINEN,834,Jacquard,5208,0,,Mtr,834
50X50 PC (7.800),835,,,20.25,,Mtr,835
"TOP DYED 48""",836,Jacquard,5407,0,,Mtr,836
"TOP DYED 58""",837,Jacquard,5407,0,,Mtr,837
GOLD 15 KG,838,Jacquard,5515,0,,Mtr,838
POLO 48,839,Jacquard,5408,0,,Mtr,839
POLYSTER LYCRA,840,Jacquard,5408,0,,Mtr,840
TISCO,841,Jacquard,5407,0,,Mtr,841
RUBY TWIST,842,Jacquard,5515,0,,Mtr,842
GOLD 15,843,Jacquard,551511,0,4,Mtr,843
COMPUTER ZARI,844,Jacquard,5515,0,,Mtr,844
SHAFT,845,Jacquard,540710,0,3,Mtr,845
BUTTA COTTON,846,,,1,,Mtr,846
10 PC X 10 PC,847,,,1,,Mtr,847
7PC X 7PC,848,,,1,,Mtr,848
WHITE COLOUR BUTTA,849,Satin,,1,,Mtr,849
DRESS PIGMENT GOLD,850,,,25,,Mtr,850
60X20X20 DSG,851,,,70,,Mtr,851
60X20X20 DENTY,852,,,62,,Mtr,852
GREY SHIRTING 48,853,,,55,,Mtr,853
GREY SHIRTING 63,854,,,68,,Mtr,854
"2/80 SATIN 39""",855,Satin,5210,1,1,Mtr,855
60X60 CHAVNI BUTTA,856,,,1,,Mtr,856
PLUS 60X60,857,,,1,,Mtr,857
SRM BUTTA,858,,,1,,Mtr,858
"14PCX14PC-61""",859,,,1,,Mtr,859
"36PCX36PC-47""",860,,,1,,Mtr,860
"ULTRA  44""",861,Shirting,,1,,Mtr,861
"MAJOR 58""",862,Shirting,,1,,Mtr,862
DIAMOND,863,Jacquard,5212,1,,Mtr,863
"BRIGADIER 58""",864,Shirting,,1,,Mtr,864
COTTON JAQUARD FENT,865,Chiffon,,1,,Mtr,865
72X72 PC,866,,,20.25,,Mtr,866
"STAR    58""",867,Shirting,,1,,Mtr,867
HUM TUM,868,,,1,,Mtr,868
SATRANGEE MONO,869,,,1,,Mtr,869
SATRANGEE COMMON WHITE,870,Jacquard,,1,,Mtr,870
SELF JACQUARD,871,,,1,,Mtr,871
VIDHYA,872,Fancy,520831,70,2,Mtr,872
"KING     58""",873,Shirting,,1,,Mtr,873
"ACTION 58""",874,Shirting,,1,,Mtr,874
INDRANI COTTON,875,,,1,,Mtr,875
LIYA,876,Jacquard,,1,,Mtr,876
CHANDRA MUKHI COMMON WHITE,877,Jacquard,,1,,Mtr,877
SATIN 2D,878,,,1,,Mtr,878
"MONO 63""",879,,,1,,Mtr,879
ORGANDY WHITE,880,,,0,,Mtr,880
JUPITER,881,Shirting,,1,,Mtr,881
SHIRTING FENT,882,Chiffon,,1,,Mtr,882
VENUS NX,883,Shirting,,1,,Mtr,883
100X120 80X80,884,,,0,,Mtr,884
KASHISH,885,Jacquard,,1,,Mtr,885
100X120 / 92X80,886,,,0,,Mtr,886
KARINA SILVER BUTTA,887,Jacquard,,0,,Mtr,887
MAHEK GOLD,888,Jacquard,,1,,Mtr,888
-,889,Butta,,1,,Mtr,889
90X90 BUTTA,890,Butta,,1,,Mtr,890
90X90 PLAIN SATIN,891,,,0,,Mtr,891
60X60/92X80 SILVER PIN,892,Jacquard,,0,,Mtr,892
CRUSH SATTIN FANCY,893,Chiffon,,1,,Mtr,893
AXE,894,,,1,,Mtr,894
PLAIN SATIN 80*80,895,,,0,,Mtr,895
80X80 PLAIN,896,,,1,,Mtr,896
92X88 PLAIN,897,Plain.,5208,0,,Mtr,897
SJT (PRINTED),898,,,1,,Mtr,898
ADAM,899,Shirting,,1,,Mtr,899
SATRANGEE CROSS,900,Jacquard,,1,,Mtr,900
60*20*20,901,,,0,,Mtr,901
NIHARIKA,902,Jacquard,,1,,Mtr,902
SELF DOBBY,903,Dobby,5407,1,,Mtr,903
CUT BORDER,904,Chiffon,,1,,Mtr,904
SATIN+BORDER BUTTA,905,Chiffon,,1,,Mtr,905
COTTAN BUTTA,906,Butta,,1,,Mtr,906
CHIFFON,907,Border Butta,,1,,Mtr,907
WARPING,908,Yarn,,0,,Mtr,908
COLOUR SATIN GREY,909,Chiffon,,1,,Mtr,909
BUTTA GREY,910,Butta,,0,,Mtr,910
S.R.BUTTA COTTON GREY,911,Jacquard,,0,,Mtr,911
OTHER,912,Chiffon,521031,0,4,Mtr,912
MAJESTY WHITE BLACK,913,Jacquard,,1,,Mtr,913
SJT(FRESH),914,Chiffon,521031,53.5,2,Mtr,914
JACQUARD 1X1,915,Jacquard,,0,,Mtr,915
SALI SEMI JACQUARD GOLD,916,Jacquard,,0,,Mtr,916
SEMI JACUARD COTTON,917,Semi Jacquard,,0,,Mtr,917
60X60/92X88,918,Plain.,5208,0,,Mtr,918
SATIN I,919,,,0,,Mtr,919
DRONA,920,Jacquard,,1,,Mtr,920
COTTON PLAIN FENT,921,Chiffon,,1,,Mtr,921
ORGANDIE FENT,922,Chiffon,,1,,Mtr,922
NIHARIKA CROSS,923,Jacquard,,1,,Mtr,923
TANVI CROSS,924,Jacquard,,1,,Mtr,924
LEENO+COTTON SATIN,925,Chiffon,,1,,Mtr,925
VIVA EMBRODIERY,926,Chiffon,,1,,Mtr,926
COTTON SATIN (CHECKS),927,Chiffon,,1,,Mtr,927
MIX PLAIN,928,Jacquard,5309,0,,Mtr,928
40X60X72X72,929,Plain.,,0,,Mtr,929
COTTON BUTTA (SRM),930,Chiffon,,1,,Mtr,930
60X90 BUTTA GREY,931,Butta,,0,,Mtr,931
COTTON SATIN GREY,932,,,10,,Mtr,932
BUTTA+DOBBY,933,Chiffon,,1,,Mtr,933
MAHEK COMMON BLACK,934,Jacquard,,1,,Mtr,934
"60X60/84X72-48""SILVER PIN",935,Jacquard,,0,,Mtr,935
COMPUTER,936,Stationery,,0,,Mtr,936
1KAYA,937,Jacquard,,1,,Mtr,937
RETURN,938,Jacquard,,0,,Mtr,938
TANVI,939,Fancy,521031,73,2,Mtr,939
SHRI RAM BUTTA ZARI,940,Butta,,1,,Mtr,940
DOUBLE ZARI JAQUARD,941,Jacquard,,1,,Mtr,941
CHIFFON FENT,942,Chiffon,5210,1,,Mtr,942
2X2 COTTON,943,Chiffon,5208,1,,Mtr,943
MONARCH SPECIAL,944,Jacquard,,1,,Mtr,944
ANUSHKA WHITE,945,Jacquard,,1,,Mtr,945
INDRANI 110,946,Jacquard,,1,,Mtr,946
KASAB JACQUARD,947,Jacquard,,1,,Mtr,947
EMBROIDERY GREY,948,,,1,,Mtr,948
YOGA,949,,,1,,Mtr,949
TMP,950,,,1,,Mtr,950
DOBBY WHITE,951,Dobby,,1,,Mtr,951
ZARA WHITE,952,Jacquard,,1,,Mtr,952
KARINA DYED INDRANI,953,Jacquard,,1,,Mtr,953
TOOLIKA PLAIN,954,Jacquard,,1,,Mtr,954
SRM GREY,955,Chiffon,,1,,Mtr,955
SJT GREY,956,,,1,,Mtr,956
MAYOR,957,Jacquard,,1,,Mtr,957
54S PC,958,Yarn,,1,,Mtr,958
BRIGHT FANCY SATTIN,959,Fancy,,1,,Mtr,959
COLOUR & WHITE BUTTA GREY,960,Chiffon,,1,,Mtr,960
COLOUR & WHITE BUTTA,961,Butta,,0,,Mtr,961
COLOUR BUTTA,962,Butta,,1,,Mtr,962
WHITE BUTTA GREY,963,Chiffon,,1,,Mtr,963
SATIN + LEENO GREY,964,Satin,,1,,Mtr,964
SATIN COTTON GREY,965,Chiffon,,1,,Mtr,965
LEENO GREY,966,Chiffon,,1,,Mtr,966
SHEELA,967,Fancy,521031,57,2,Mtr,967
SATIN + LEENO,968,Satin,,1,,Mtr,968
COLOUR SATIN+LEENO GREY,969,Chiffon,,1,,Mtr,969
COLOUR SATIN+COTTON SATIN GREY,970,Chiffon,,1,,Mtr,970
SATIN COTTON,971,Chiffon,,1,,Mtr,971
CRUSH FANCY SATTIN,972,Fancy,,1,,Mtr,972
WHITE BUTTA,973,Butta,,1,,Mtr,973
GOLD BIG BORDER JACQUARD,974,Jacquard,,1,,Mtr,974
S.R.M,975,,,1,,Mtr,975
GOLD JARI 2/60 JACQUARD,976,Jacquard,,0,,Mtr,976
COLOUR SATIN+COTTON SATIN,977,Chiffon,,1,,Mtr,977
DAMAN,978,,,1,,Mtr,978
ZARA,979,,,1,,Mtr,979
ANAMIKA,980,Jacquard,,1,,Mtr,980
CHIFFON COLOUR BUTTA GREY,981,Chiffon,,1,,Mtr,981
SAMEERA COMMON BLACK,982,Jacquard,,1,,Mtr,982
COLOUR BUTTA GREY,983,Chiffon,,1,,Mtr,983
SREERAM BUTTA COTTON,984,,,0,,Mtr,984
ANAMIKA COMMON WHITE,985,Jacquard,,1,,Mtr,985
MONALIKA COMMON BLACK,986,Jacquard,,1,,Mtr,986
BORDER SEDER,987,,,1,,Mtr,987
MONARCH WHITE,988,Jacquard,,1,,Mtr,988
JAQUARD ZARI GOLD,989,,,1,,Mtr,989
ANAMIKA CROSS,990,Jacquard,,1,,Mtr,990
FANCY CRUSH SATIN,991,,,1,,Mtr,991
SANIA COMMON BLACK,992,,,1,,Mtr,992
MAJESTY CIMENT,993,Jacquard,,1,,Mtr,993
SAMEERA CROSS,994,Jacquard,,1,,Mtr,994
DOBBY COMPACK,995,Dobby,,1,,Mtr,995
DOBBY LAYNING,996,Dobby,,1,,Mtr,996
LAVANYA,997,Jacquard,5212,1,,Mtr,997
30S PC,998,Yarn,,1,,Mtr,998
RYDER,999,,,1,,Mtr,999
HEAVY SLUB,1000,Jacquard,,0,,Mtr,1000
DOBBY BUTTY,1001,Dobby,,1,,Mtr,1001
DOBBY WHITE LAYNING,1002,Dobby,,1,,Mtr,1002
GREEN GOLA,1003,,,35,,Mtr,1003
FAR & CHECKS,1004,Chiffon,,1,,Mtr,1004
BORDER BUTTA GREY,1005,Chiffon,,1,,Mtr,1005
SAREE BORDER SILVER,1006,,,1,,Mtr,1006
SILVER ZARI,1007,Jacquard,,1,,Mtr,1007
MEGHA BLACK,1008,,,1,,Mtr,1008
SMALL BORDER JAQUARD,1009,,,0,,Mtr,1009
ZARA COMMON WHITE,1010,,,78,,Mtr,1010
MONALIKA COMMON WHITE,1011,Jacquard,,1,,Mtr,1011
KOHINOOR,1012,Jacquard,5212,1,,Mtr,1012
SHALIMAR,1013,Jacquard,,1,,Mtr,1013
SHAGUN MULTY,1014,Jacquard,,1,,Mtr,1014
SHAGUN GOLD,1015,Jacquard,,85,,Mtr,1015
INDRANI CHIKU BLACK,1016,Jacquard,,1,,Mtr,1016
2/40 PC,1017,Yarn,,1,,Mtr,1017
80 CRIM,1018,Yarn,,1,,Mtr,1018
MAHEK,1019,Jacquard,,1,,Mtr,1019
CHIFFON MULTY BUTTA GREY,1020,Chiffon,,1,,Mtr,1020
SATIN GREY,1021,Satin,,1,,Mtr,1021
BRIGHT SATIN GREY,1022,Chiffon,,1,,Mtr,1022
MULTY SATIN GREY,1023,Satin,,1,,Mtr,1023
CHIFFON WHITE BUTTA GREY,1024,Chiffon,,1,,Mtr,1024
CRUSH SATIN GREY,1025,Satin,,1,,Mtr,1025
150/BRIGHT WHITE,1026,Yarn,,1,,Mtr,1026
LAKDA FINISH,1027,Jacquard,,1,,Mtr,1027
COTTON FANCY SATTIN,1028,Chiffon,,1,,Mtr,1028
MEGHA WHITE,1029,,,1,,Mtr,1029
54 COTTON,1030,Yarn,5205,1,,Mtr,1030
SANIA CROSS,1031,Jacquard,,1,,Mtr,1031
ZARI,1032,Yarn,,1,,Mtr,1032
50S PC,1033,Yarn,,1,,Mtr,1033
PC DOBBY,1034,,,1,,Mtr,1034
2/60 PC,1035,Yarn,,1,,Mtr,1035
SHREYA,1036,,,1,,Mtr,1036
WHITE,1037,,,36,,Mtr,1037
52S PC,1038,Yarn,,1,,Mtr,1038
MONALIKA COMMON CHIKU,1039,Jacquard,,1,,Mtr,1039
ANAMIKA COMMON BLACK,1040,Jacquard,,1,,Mtr,1040
ZARA COMMON BLACK,1041,,,1,,Mtr,1041
SATIN+BORDER BUTTA GREY,1042,Chiffon,,1,,Mtr,1042
80X80 SATIN,1043,Satin,,0,,Mtr,1043
COTTON JAQUARD CREATIVE SUIT,1044,Jacquard,,0,,Mtr,1044
SALLY PLAIN,1045,Jacquard,5212,0,,Mtr,1045
1X1 COLOUR JAQUARD,1046,Jacquard,,0,,Mtr,1046
COLOUR SATIN+LEENO,1047,Chiffon,,1,,Mtr,1047
FANCY BRIGHT SATTIN,1048,Chiffon,,1,,Mtr,1048
ZARI BUTTA,1049,Jacquard,,1,,Mtr,1049
32S PC,1050,Yarn,,1,,Mtr,1050
MULTY BRIGHT SATIN,1051,Chiffon,,1,,Mtr,1051
AA,1052,Stationery,,1,,Mtr,1052
CREATIVE SUIT,1053,Jacquard,,1,,Mtr,1053
EMBRODIERY FENT,1054,Chiffon,,1,,Mtr,1054
SATRANGEE,1055,Jacquard,,1,,Mtr,1055
SATIN 3D,1056,,,1,,Mtr,1056
27 PC X 27 PC,1057,,,0,,Mtr,1057
BARBI STRIPE COTTON,1058,Jacquard,,0,,Mtr,1058
KARINA 2/2 ROTO BUTTA,1059,Butta,,0,,Mtr,1059
REGURAL SATTIN,1060,Jacquard,,1,,Mtr,1060
KARINA NETT ROTO BUTTA,1061,Butta,,0,,Mtr,1061
SMALL SATTIN,1062,Jacquard,,1,,Mtr,1062
BUTTA+DOBBY GREY,1063,,,0,,Mtr,1063
LEENO+COTTON SATIN GREY,1064,Chiffon,,1,,Mtr,1064
COLOUR MEBRODERY,1065,Chiffon,,1,,Mtr,1065
COLOUR SATIN,1066,Chiffon,,1,,Mtr,1066
S.R BUTTA COTTON,1067,Jacquard,,0,,Mtr,1067
COTTON SATIN+SPM BUTTA GREY,1068,,,0,,Mtr,1068
COTTON SATIN+SPM BUTTA,1069,Chiffon,,1,,Mtr,1069
SILVER VATANA,1070,Chiffon,,1,,Mtr,1070
SILVER VATANA GREY,1071,,,0,,Mtr,1071
SWETA,1072,Fancy,521031,67,2,Mtr,1072
PARI,1073,Fancy,521031,67,2,Mtr,1073
SANIYA,1074,Fancy,581092,99,2,Mtr,1074
REETA,1075,Fancy,5208,61,,Mtr,1075
CRUSH ZARI,1076,Fancy,,1,,Mtr,1076
SHEETAL,1077,Fancy,521031,71,2,Mtr,1077
"SATIN+BUTTA 48""",1078,Satin,,0,,Mtr,1078
"2/80 SATIN 48""",1079,Satin,,0,,Mtr,1079
"CRUSH SATIN 48""",1080,Satin,,0,,Mtr,1080
MIX DOBBY,1081,Dobby,,0,,Mtr,1081
CRUSH SATTIN ZARI,1082,Fancy,,1,,Mtr,1082
RANI,1083,Fancy,521031,69,2,Mtr,1083
45X45/80X76,1084,,,1,,Mtr,1084
SALLI/ 66X60/108X72,1085,,,0,,Mtr,1085
60X60/108X72,1086,,,1,,Mtr,1086
"BRIGHT JAQUARD 39""",1087,Jacquard,,0,,Mtr,1087
SATIN JACQUARD,1088,,,0,,Mtr,1088
ARIA,1089,Fancy,5210,58,,Mtr,1089
SHALINI,1090,Fancy,581092,74,2,Mtr,1090
GOLD SATIN,1091,Satin,,1,,Mtr,1091
RAYON 54,1092,Jacquard,551611,0,3,Mtr,1092
"60X90 BORDER 5""",1093,,,0,,Mtr,1093
COTTON BUTTA,1094,Shirting,,1,,Mtr,1094
SATRANGEE COMMON CREAM,1095,Jacquard,,1,,Mtr,1095
SATRANGEE COMMON CHIKU,1096,Jacquard,,1,,Mtr,1096
CHANDRA MUKHI,1097,Jacquard,5212,1,,Mtr,1097
AXE COMMON CHIKU,1098,Jacquard,,1,,Mtr,1098
AXE COMMON CREAM,1099,Jacquard,,1,,Mtr,1099
SPECIAL TERRY VOILE,1100,,,1,,Mtr,1100
CHIFFON ZARI STRIPE,1101,Chiffon,,1,,Mtr,1101
CHIFFON FANCY BUTTA,1102,,,1,,Mtr,1102
CHIFFON FANCY CHECKS,1103,Chiffon,,1,,Mtr,1103
60PCX60PC/84X76,1104,,,1,,Mtr,1104
CHIFFON BUTTA,1105,Chiffon,5210,1,,Mtr,1105
HIGH TWIST,1106,,,1,,Mtr,1106
SAREE BORDER,1107,,,0,,Mtr,1107
50X50 PC (8.200),1108,,,1,,Mtr,1108
10 PC,1109,,,0,,Mtr,1109
"BOOST 58""",1110,Shirting,,1,,Mtr,1110
"SMART    58""",1111,Shirting,,1,,Mtr,1111
"16PCX16PC-61""",1112,Shirting,,65,,Mtr,1112
16 PC X 14 PC,1113,Shirting,,65,,Mtr,1113
SHIRTING MIX PICS,1114,Shirting,,1,,Mtr,1114
BORDER,1115,Border Butta,,1,,Mtr,1115
"P.C.SHIRTING GREY-62""",1116,Shirting,,56.1,,Mtr,1116
SHALIMAR COMMON YELLOW,1117,Jacquard,,1,,Mtr,1117
LAKDA JACQUARD,1118,,,42.5,,Mtr,1118
SLUB,1119,Jacquard,,1,,Mtr,1119
S R BUTTA BRIGHT,1120,Butta,,1,,Mtr,1120
"COTTON REMI GREY- 62""",1121,Shirting,,84,,Mtr,1121
KETONIC X STRIPE,1122,Shirting,,72,,Mtr,1122
COTTON FANCY BIT,1123,Fancy,,1,,Mtr,1123
40X60 DOBBY,1124,Dobby,,0,,Mtr,1124
DORIYA DOBBY,1125,Dobby,,0,,Mtr,1125
COLOUR JAQUARD,1126,Jacquard,,1,,Mtr,1126
MADHURA CROSS,1127,Jacquard,,1,,Mtr,1127
"XYZ           58""",1128,Shirting,,1,,Mtr,1128
VICTORIA,1129,Suiting,,1,,Mtr,1129
"SODA 58""",1130,Shirting,,1,,Mtr,1130
COLOUR SATTIN + SATIN JACQUARD,1131,Satin,,1,,Mtr,1131
COTTON FANCY PATTA,1132,Chiffon,,1,,Mtr,1132
SATIN MULTY COLOUR,1133,Satin,,1,,Mtr,1133
"SPECTRA 58""",1134,Shirting,,1,,Mtr,1134
SILVER BUTTA,1135,,,1,,Mtr,1135
80X72X48,1136,,,1,,Mtr,1136
COTTON MULTY CHECKS,1137,Fancy,,56,,Mtr,1137
ABC SATIN (LX),1138,,,1,,Mtr,1138
JACQUARD BORDER,1139,Jacquard,,1,,Mtr,1139
SHAGUN,1140,,,43,,Mtr,1140
GREY CLOTHS,1141,,,1,,Mtr,1141
60X60 /92X72,1142,,,1,,Mtr,1142
JAQUARD ANTEEK ZARI,1143,Jacquard,,1,,Mtr,1143
LOVELY,1144,Shirting,,1,,Mtr,1144
KHADI COTTON ROTO BUTTA,1145,Butta,,1,,Mtr,1145
P.C.SUITING GREY-62,1146,Suiting,,95,,Mtr,1146
"OMEGA  44""",1147,Shirting,,1,,Mtr,1147
80X72 DROPIN,1148,,,1,,Mtr,1148
MONO X STAPLE,1149,,,1,,Mtr,1149
MIX QUALITY,1150,Shirting,520831,1,4,Mtr,1150
STRIPE,1151,Shirting,,63,,Mtr,1151
62X62,1152,,,1,,Mtr,1152
ABC,1153,Shirting,,1,,Mtr,1153
COTTON X MONO,1154,,,74,,Mtr,1154
SHREE RAM BUTTA GOLD,1155,Butta,,36,,Mtr,1155
SHREE RAM BUTTA BLACK,1156,Butta,,36,,Mtr,1156
APOLLO,1157,Shirting,,1,,Mtr,1157
SOBER,1158,Shirting,,1,,Mtr,1158
"ANTIQUE ZARI 44""",1159,Shirting,,1,,Mtr,1159
SATIN DOBBY,1160,Satin,,0,,Mtr,1160
40X40 DOBBY,1161,Dobby,,0,,Mtr,1161
BLACK SEMI JACQURD,1162,Semi Jacquard,,0,,Mtr,1162
RAMIE-2649,1163,,,55,,Mtr,1163
MAHEK X MAHEK,1164,,,64,,Mtr,1164
"FORTUNER 44""",1165,Shirting,,1,,Mtr,1165
MULTY BUTTA,1166,Jacquard,5210,0,,Mtr,1166
MACK,1167,Shirting,,1,,Mtr,1167
COTTON GOLD BUTTA J,1168,Fancy,,56,,Mtr,1168
BLACK MULTY BUTTA,1169,Chiffon,,1,,Mtr,1169
"REAL    44""",1170,Shirting,,1,,Mtr,1170
DHANUS,1171,,,64,,Mtr,1171
AB,1172,Shirting,,1,,Mtr,1172
SANIA NET COTTON JAL,1173,,,1,,Mtr,1173
92S COTTON WHITE,1174,Yarn,5205,0,,Mtr,1174
CHANDRA MUKHI COMMON CHIKU,1175,Jacquard,,1,,Mtr,1175
SHADED MAHEK,1176,Jacquard,,1,,Mtr,1176
WIZARD,1177,,,1,,Mtr,1177
MEERA,1178,Fancy,5210,63,,Mtr,1178
"SKY NX  44""",1179,Shirting,,1,,Mtr,1179
"ANTIQUE 44""",1180,Shirting,,1,,Mtr,1180
CHANDERI BLEECH,1181,Jacquard,,0,,Mtr,1181
BORDER FANCY CHECKS,1182,Chiffon,,1,,Mtr,1182
DOBBY ZARI,1183,,,1,,Mtr,1183
CHANDERI,1184,Chiffon,,1,,Mtr,1184
COTTON JAQUARD PRINT,1185,Chiffon,,1,,Mtr,1185
COTTON SHIRTING FENT WHITE,1186,Shirting,,0,,Mtr,1186
KOTA DADAJI,1187,,,60,,Mtr,1187
"CLASSIC 58""",1188,Shirting,,1,,Mtr,1188
.,1189,Jacquard,,1,,Mtr,1189
AREENA,1190,,,13,,Mtr,1190
PANERI CHIKU,1191,Jacquard,,1,,Mtr,1191
VIVA PRINT,1192,,,1,,Mtr,1192
S 27 L.SLUB,1193,,,0,,Mtr,1193
GREY COTTON SILVER BUTTA,1194,,,1,,Mtr,1194
16 PC,1195,,,0,,Mtr,1195
SANIA JACQURD,1196,Jacquard,,1,,Mtr,1196
PANERI CREAM,1197,Jacquard,,1,,Mtr,1197
CRUSH MULTY SATTIN,1198,Fancy,5210,35,,Mtr,1198
40X40 GERMAN,1199,,,0,,Mtr,1199
MICA NX,1200,Shirting,,1,,Mtr,1200
MICA,1201,Shirting,,1,,Mtr,1201
MEGABOOST,1202,,,1,,Mtr,1202
"APPOLO 58""",1203,Shirting,,1,,Mtr,1203
BLACK BEAUTY,1204,,,1,,Mtr,1204
ADAM NX,1205,Shirting,,1,,Mtr,1205
CHANCHAL,1206,,,60,,Mtr,1206
ELEGANT,1207,Shirting,,1,,Mtr,1207
30 BUTIC,1208,,,62,,Mtr,1208
INDER(TV),1209,Jacquard,,0,,Mtr,1209
33,1210,Suit,,1,,Mtr,1210
JAQUARD TWO PICK,1211,Jacquard,,1,,Mtr,1211
COTTON FANCY BUTTA,1212,Chiffon,,1,,Mtr,1212
MONO,1213,,,1,,Mtr,1213
GREY COTTON,1214,,,1,,Mtr,1214
COTTON JAQUARD BUTTA,1215,Chiffon,,1,,Mtr,1215
MEENA,1216,Fancy,521031,67,2,Mtr,1216
ZIG-ZAG,1217,Jacquard,521031,1,3,Mtr,1217
WHITE MULTY BUTTA,1218,Chiffon,,1,,Mtr,1218
HT TERRY VOILE,1219,Jacquard,,1,,Mtr,1219
COTTON BLACK BUTTA,1220,Chiffon,,1,,Mtr,1220
BORDER PLAIN,1221,,,1,,Mtr,1221
28,1222,Suit,,1,,Mtr,1222
31,1223,Suit,,1,,Mtr,1223
32,1224,Suit,,1,,Mtr,1224
13,1225,Suit,,1,,Mtr,1225
12,1226,Suit,,1,,Mtr,1226
14,1227,Suit,,1,,Mtr,1227
17,1228,Suit,,1,,Mtr,1228
27,1229,Suit,,1,,Mtr,1229
15,1230,Suit,,1,,Mtr,1230
41,1231,Suit,,1,,Mtr,1231
COTTON ZARI BUTTA (SILVER),1232,,,39.5,,Mtr,1232
"RALCO 58""",1233,Shirting,,1,,Mtr,1233
"ATOM   58""",1234,Shirting,,1,,Mtr,1234
KIYA,1235,Jacquard,,1,,Mtr,1235
"COSMO   58""",1236,Shirting,,1,,Mtr,1236
FINISH FABRICS,1237,,,0,,Mtr,1237
"60*20*20 48""",1238,,,0,,Mtr,1238
"60*20*20 62""",1239,,,0,,Mtr,1239
CHAVANI BUTTA,1240,,,1,,Mtr,1240
COLOUR DOBBY,1241,,,1,,Mtr,1241
"SATIN+BUTTA 39""",1242,Satin,,1,,Mtr,1242
SRM BUTTA+COTTON JACQUARD,1243,,,1,,Mtr,1243
K,1244,Jacquard,,1,,Mtr,1244
COLOUR SATIN BUTTA,1245,,,1,,Mtr,1245
BUTTA BORDER CHEKS,1246,,,1,,Mtr,1246
JACQURD ZARI,1247,,,1,,Mtr,1247
MIX TERRY VOILE,1248,Jacquard,,1,,Mtr,1248
COLOUR BORDER,1249,Border Butta,,1,,Mtr,1249
BORDER FANCY SATTIN,1250,Chiffon,,1,,Mtr,1250
JACQUARD FENT,1251,Chiffon,,1,,Mtr,1251
SILVER SEMI JAQUARD,1252,Jacquard,,1,,Mtr,1252
SILVER JACQUARD,1253,Jacquard,,1,,Mtr,1253
SUITING MIX PCS,1254,Suiting,,0,,Mtr,1254
BORDER FANCY BUTTA,1255,Chiffon,,1,,Mtr,1255
WHITE PLAIN MONO,1256,Shirting,,1,,Mtr,1256
COTTON SHIRTING COLOUR,1257,Shirting,,1,,Mtr,1257
KANCHAN,1258,Fancy,521031,67,2,Mtr,1258
CLASSIC LINEN SUITING,1259,Suiting,,1,,Mtr,1259
SHIRTING WHITE MIX,1260,Suiting,,0,,Mtr,1260
REKHA,1261,Fancy,521031,71,2,Mtr,1261
CRUSH LEENO,1262,Fancy,,1,,Mtr,1262
MIX SHALIMAR,1263,Jacquard,,1,,Mtr,1263
CORNETTO,1264,Chiffon,,1,,Mtr,1264
NAKED,1265,,,1,,Mtr,1265
MAYENK,1266,Jacquard,,1,,Mtr,1266
COTTON X BRIGHT + DOBBY,1267,,,35.5,,Mtr,1267
"CAMBRIC 54""",1268,Jacquard,,1,,Mtr,1268
ROYAL RAYON,1269,Jacquard,551612,1,4,Mtr,1269
"JACQ COTT 39""",1270,Grey All,,0,,Mtr,1270
"JACQ COTT 48""",1271,Grey All,,0,,Mtr,1271
"JACQ BUTT 39""",1272,Grey All,5208,0,1,Mtr,1272
"JACQ BUTT 48""",1273,Grey All,5210,0,,Mtr,1273
"JACQ BORD 39""",1274,Grey All,5208,0,1,Mtr,1274
"JACQ BORD 48""",1275,Grey All,,0,,Mtr,1275
"JACQ SATI 39""",1276,Grey All,5208,0,1,Mtr,1276
"JACQ SATI 48""",1277,Grey All,5210,0,,Mtr,1277
"JACQ BRT 39""",1278,,,0,,Mtr,1278
PAYAL,1279,Fancy,521031,73,2,Mtr,1279
JACQ COTT JALLI,1280,Fancy,,0,,Mtr,1280
"DOBB SATI 39""",1281,Grey All,998821,0,1,Mtr,1281
PRIYA,1282,Fancy,5210,56,,Mtr,1282
NEELAM,1283,Fancy,521031,71,2,Mtr,1283
"DOBB SATI 48""",1284,Grey All,5208,0,,Mtr,1284
"DOBB BUTT 39""",1285,Grey All,5210,0,,Mtr,1285
"DOBB BUTT 48""",1286,Grey All,521031,0,4,Mtr,1286
"DOBB LEENO 39""",1287,Grey All,5208,0,1,Mtr,1287
"DOBB LEENO 48""",1288,Grey All,5208,0,,Mtr,1288
"CAMBRIC 48""",1289,Jacquard,5208,0,,Mtr,1289
"JACQ BORD BUTT 48""",1290,Grey All,,0,,Mtr,1290
"1X1 DOBB BUTT 48""",1291,,,0,,Mtr,1291
"JACQ BORD BUTT 39""",1292,Grey All,5208,0,1,Mtr,1292
"DOBB SRB 48""",1293,,,0,,Mtr,1293
"DOBB BORD 39""",1294,Grey All,,0,,Mtr,1294
"DOBB BORD BUTT 39""",1295,Grey All,5210,0,1,Mtr,1295
LAXMI,1296,Fancy,521031,69,2,Mtr,1296
MODAL,1297,Jacquard,,1,,Mtr,1297
"DOBB PLAIN 48""",1298,,,0,,Mtr,1298
MANUSHI,1299,Fancy,5210,62,,Mtr,1299
COMPUTER RAYON,1300,Jacquard,551511,0,6,Mtr,1300
55X55 HIGH TWIST FENT,1301,Chiffon,5208,0,,Mtr,1301
FASHION RAYON,1302,Jacquard,5515,0,,Mtr,1302
RAYON CHECKS,1303,Jacquard,5515,0,,Mtr,1303
COTTON PRINT BIT,1304,Fancy,5208,0,2,Mtr,1304
DIANA,1305,Jacquard,551511,0,3,Mtr,1305
STYLE CHECK,1306,Jacquard,5516,0,,Mtr,1306
SILK SLUB,1307,Jacquard,5515,0,,Mtr,1307
KAVYA,1308,Fancy,521031,66,2,Mtr,1308
CHIFFON (R),1309,Chiffon,5210,1,,Mtr,1309
CHIFFON BUTTA (R),1310,Chiffon,521031,1,2,Mtr,1310
"BOLLYWOOD PLAIN 62""",1311,Jacquard,5515,0,,Mtr,1311
SEEMA,1312,Fancy,521031,53,2,Mtr,1312
SRIDEVI,1313,Fancy,521031,69,2,Mtr,1313
COTTON MULTY BUTTA (BLACK),1314,Fancy,,56,,Mtr,1314
60X60/92X88 SEMI,1315,Jacquard,5208,0,,Mtr,1315
55X55 HIGH TWIST (FRESH),1316,Chiffon,520831,0,2,Mtr,1316
R.CROSS LINING,1317,Jacquard,5516,0,,Mtr,1317
PATHI,1318,Jacquard,5212,0,,Mtr,1318
"R.S LYCRA 66""",1319,Jacquard,5515,0,,Mtr,1319
COTTON DENIM,1320,Jacquard,,0,,Mtr,1320
MINISTER,1321,Jacquard,5212,0,,Mtr,1321
COTTON STRIPE,1322,Jacquard,5210,0,,Mtr,1322
RAYON STRIPE,1323,Jacquard,5515,0,,Mtr,1323
MELANGE,1324,Jacquard,520812,0,4,Mtr,1324
BOLLYWOOD SLUB 62,1325,Jacquard,551511,0,3,Mtr,1325
"1374 47""",1326,Jacquard,5407,0,,Mtr,1326
SIA M&M,1327,Jacquard,5607,0,,Mtr,1327
LIQUID TUBE,1328,Jacquard,540710,0,3,Mtr,1328
TAKEN,1329,,0,0,0,Mtr,1329
RAYON PLAZO,1330,Jacquard,551512,0,4,Mtr,1330
NOT FOUND,1331,1120b,440225,0,4,Mtr,1331
CAPTAIN PLEATS,1332,Shirting,520832,0,5,Mtr,1332
CAPTAIN PLEATS NX,1333,Shirting,520832,0,5,Mtr,1333
L. G. PRINT,1334,Shirting,520851,0,5,Mtr,1334
MEGALAWN,1335,Shirting,520831,0,5,Mtr,1335
BLACK NEPS,1336,Jacquard,551511,0,3,Mtr,1336
JADE,1337,Jacquard,540710,0,3,Mtr,1337
CAPSULE LUREX,1338,Jacquard,551511,0,4,Mtr,1338
JEEVIKA (FRESH),1339,Chiffon,520831,0,2,Mtr,1339
123,1340,Fancy,520833,0,4,Mtr,1340
GOLD PLUS,1341,Jacquard,540822,0,3,Mtr,1341
TRITON,1342,Shirting,520832,0,5,Mtr,1342
TERRO LAWN,1343,Shirting,520831,0,5,Mtr,1343
VERO LAWN,1344,Shirting,520831,0,5,Mtr,1344
BERRY LAWN,1345,Shirting,520831,0,5,Mtr,1345
KT LAWN,1346,Shirting,520831,0,5,Mtr,1346
SIGMA LAWN,1347,Shirting,520831,0,5,Mtr,1347
STAR KOT,1348,Shirting,520832,0,5,Mtr,1348
FORTUNE,1349,Shirting,520832,0,5,Mtr,1349
SNOW COT,1350,Shirting,520831,0,5,Mtr,1350
MAHARAJA COT,1351,Shirting,520831,0,5,Mtr,1351
RENO COT,1352,Shirting,520831,0,5,Mtr,1352
EMBRACE,1353,Shirting,520832,0,5,Mtr,1353
FUTURE COT,1354,Shirting,520832,0,4,Mtr,1354
KINGSTON,1355,Shirting,520832,0,3,Mtr,1355
MINISTER SUITING,1356,Suiting,551331,0,3,Mtr,1356
MAXUS,1357,Shirting,520832,0,3,Mtr,1357
YAARI LAWN,1358,Shirting,520831,0,4,Mtr,1358
VAMA LINEN,1359,Shirting,520832,0,4,Mtr,1359
STRETCH RAYON,1360,Jacquard,540752,0,3,Mtr,1360
ZIVA PRINT,1361,Shirting,520831,0,4,Mtr,1361
MD PRINT,1362,Shirting,520851,0,4,Mtr,1362
ZONI PRINT,1363,Shirting,520851,0,4,Mtr,1363
WIKTOR GIZA,1364,Shirting,520833,0,4,Mtr,1364
MORETT SUITING,1365,Suiting,540752,0,3,Mtr,1365
"MULTY DOBB BUTT 48""",1366,Dobby,521031,0,4,Mtr,1366
ZEUS,1367,Jacquard,551512,0,3,Mtr,1367
MIST 58,1368,Jacquard,551611,0,3,Mtr,1368
CAMBRIC  60X60/92X88 SEMI,1369,Jacquard,520811,0,6,Mtr,1369
MARS,1370,Shirting,520832,0,6,Mtr,1370
OSLO GIZA,1371,Shirting,520833,0,6,Mtr,1371
FABRIC KURTI 1,1372,Jacquard,551311,0,4,Mtr,1372
FABRIC KURTI 2,1373,Jacquard,540824,0,4,Mtr,1373
FABRIC KURTI 3,1374,Jacquard,551641,0,4,Mtr,1374
FABRIC KURTI 4,1375,Jacquard,540710,0,4,Mtr,1375
PEGASUS,1376,Jacquard,551511,0,3,Mtr,1376
RIZA LAWN,1377,Shirting,520812,0,6,Mtr,1377
TRANSPORT,1378,Jacquard,996791,0,4,Mtr,1378
FABRIC KURTI 5,1379,Jacquard,540822,0,4,Mtr,1379
FABRIC KURTI 6,1380,Jacquard,540754,0,3,Mtr,1380
FABRIC KURTI 7,1381,Jacquard,540752,0,6,Mtr,1381
LIQUID SLUB,1382,Jacquard,551511,0,3,Mtr,1382
ZEBRA,1383,Jacquard,551511,0,3,Mtr,1383
FABRIC KURTI 8,1384,Jacquard,540744,0,6,Mtr,1384
FABRIC KURTI 9,1385,Jacquard,551614,0,6,Mtr,1385
RUFEE PRINT,1386,Shirting,520831,0,6,Mtr,1386
SHEJAL,1387,Fancy,520851,88,2,Mtr,1387
WINI PRINT,1388,Shirting,520851,0,6,Mtr,1388
FIGO LAWN,1389,Shirting,520831,0,6,Mtr,1389
NAWAB BUTTA,1390,Shirting,520831,0,6,Mtr,1390
ROYAL COT,1391,Shirting,520831,0,6,Mtr,1391
TAJ COT,1392,Shirting,520831,0,6,Mtr,1392
WHITE ROSE (JODI),1393,Shirting,520832,0,6,Mtr,1393
PREMIO,1394,Shirting,520833,0,6,Mtr,1394
BLACK HORSE,1395,Jacquard,540822,0,6,Mtr,1395
SH-008,1396,Kurti,62114210,0,6,Mtr,1396
SH-0010,1397,Kurti,62114210,0,3,Mtr,1397
KV-004,1398,Kurti,62114210,0,3,Mtr,1398
KV-001,1399,Kurti,62114210,0,3,Mtr,1399
KV-002,1400,Kurti,62114210,0,3,Mtr,1400
FC-002,1401,Kurti,62114210,0,3,Mtr,1401
SH-003,1402,Kurti,62114210,0,3,Mtr,1402
KV-005,1403,Kurti,62114210,0,3,Mtr,1403
SH-005,1404,Kurti,62114210,0,3,Mtr,1404
SH-004,1405,Kurti,62114210,0,3,Mtr,1405
SH-002,1406,Kurti,62114210,0,3,Mtr,1406
SH-009,1407,Kurti,62114210,0,3,Mtr,1407
K-DIVINE,1408,Kurti,62114210,0,3,Mtr,1408
SMITA,1409,Fancy,521031,79,1,Mtr,1409
SIDRA,1410,Jacquard,551511,0,3,Mtr,1410
SH-006,1411,Kurti,62114210,0,3,Mtr,1411
WHITE GOLD SHIRTING,1412,Shirting,520832,0,6,Mtr,1412
WHITE GOLD SUITING,1413,Suiting,520832,0,6,Mtr,1413
WHITE ROSE SHIRTING,1414,Shirting,520832,0,6,Mtr,1414
WHITE ROSE SUITING,1415,Suiting,520832,0,6,Mtr,1415
EURO LAWN,1416,Shirting,520831,0,6,Mtr,1416
WHITE GOLD (JODI),1417,Shirting,520832,0,6,Mtr,1417
33011,1418,Kurti,62114210,0,4,Mtr,1418
33010,1419,Kurti,62114210,0,3,Mtr,1419
SH-001,1420,Kurti,62114210,0,1,Mtr,1420
FC-001,1421,Kurti,62114210,0,1,Mtr,1421
AURA,1422,Jacquard,551511,0,3,Mtr,1422
GLIT,1423,Jacquard,551511,0,3,Mtr,1423
HUSKY,1424,Jacquard,540710,0,3,Mtr,1424
BLAZE PRINT,1425,Shirting,520831,0,6,Mtr,1425
DAZZLE,1426,Shirting,520812,0,6,Mtr,1426
SHELDON,1427,Shirting,520832,0,6,Mtr,1427
FORTUNE NX,1428,Shirting,520832,0,6,Mtr,1428
WHITE SHINE(JODI),1429,Shirting,520832,0,6,Mtr,1429
TULSI,1430,Fancy,521031,73,2,Mtr,1430
MAYRA,1431,Fancy,521031,71,2,Mtr,1431
CLIP,1432,Stationery,8309,0,5,Mtr,1432
FC-003,1433,Kurti,62114210,0,4,Mtr,1433
SH-007,1434,Kurti,62114210,0,1,PCS,1434
FARGO PRINT,1435,Shirting,520832,0,6,Mtr,1435
SOMET DIGITAL,1436,Shirting,540754,0,6,Mtr,1436
MEHAK-RG 001,1437,Kurti,62114210,0,5,PCS,1437
SHIVANI,1438,Fancy,521031,68,2,Mtr,1438
ZARA SH-0012,1439,Kurti,62114210,0,2,Mtr,1439
ZARA SH-0018,1440,Kurti,62114210,0,4,Mtr,1440
MEHAK RG-002,1441,Kurti,62114210,0,4,Mtr,1441
MEHAK KD-001,1442,Kurti,62114210,0,4,Mtr,1442
MEHAK VSM-001,1443,Kurti,62114210,0,4,Mtr,1443
MEHAK RG-005,1444,Kurti,62114210,0,6,Mtr,1444
MEHAK VSM-002,1445,Kurti,62114210,0,4,Mtr,1445
ZARA SH-0013,1446,Kurti,62114210,0,4,Mtr,1446
GALAXY,1447,Jacquard,551511,0,4,Mtr,1447
SULTAN,1448,Shirting,520832,0,6,Mtr,1448
NEXON,1449,Shirting,520832,0,6,Mtr,1449
HUSKY 2,1450,Jacquard,540710,0,6,Mtr,1450
NEWTON PRINT,1451,Shirting,540752,0,6,Mtr,1451
SHIRTING BUTTA (B.PCS),1452,Shirting,520831,0,6,Mtr,1452
PRINCE BUTTA,1453,Shirting,520831,0,6,Mtr,1453
AADA PATTA,1454,Shirting,520832,0,6,Mtr,1454
FABRIC 1,1455,Kurti,440213,0,4,Mtr,1455
ZARA SH-0020,1456,Kurti,62114210,0,6,Mtr,1456
ZARA SH-0021,1457,Kurti,62114210,0,6,Mtr,1457
ZARA SH-0022,1458,Kurti,62114210,0,6,Mtr,1458
ZARA KV-006,1459,Kurti,62114210,0,6,Mtr,1459
ZARA KV-007,1460,Kurti,62114210,0,6,Mtr,1460
UNSET RG-002,1461,Kurti,62114210,0,4,Mtr,1461
KURTI RG-005,1462,Kurti,62114210,0,4,Mtr,1462
KURTI RG-006,1463,Kurti,62114210,0,4,Mtr,1463
PLAZO RG-001,1464,Kurti,62114210,0,6,Mtr,1464
ZARA SH-0016,1465,Kurti,62114210,0,6,Mtr,1465
MAMTHA SH-0016,1466,Kurti,62114210,0,4,Mtr,1466
MAMTHA SH-0017,1467,Kurti,62114210,0,4,Mtr,1467
ZARA SH-0019,1468,Kurti,62114210,0,4,Mtr,1468
MEHAK RG-006,1469,Kurti,62114210,0,4,Mtr,1469
KURTI SH-0022,1470,Kurti,62114210,0,6,Mtr,1470
UNSET SH-0021,1471,Kurti,62114210,0,4,Mtr,1471
UNSET SH-0020,1472,Kurti,62114210,0,4,Mtr,1472
ZERO,1473,Jacquard,551511,0,3,Mtr,1473
REGENCY,1474,Shirting,520833,0,6,Mtr,1474
MARVEL,1475,Shirting,520832,0,6,Mtr,1475
RASHMI,1476,Fancy,521031,69,2,Mtr,1476
LIQUID SQUARE,1477,Jacquard,551511,0,3,Mtr,1477
"DOBB BORD BUTT 48""",1478,Dobby,5208,0,6,Mtr,1478
ABZA,1479,Jacquard,520813,0,3,Mtr,1479
GLAM STRUCK-GOLD,1480,Jacquard,540710,0,3,Mtr,1480
HUSKY 3,1481,Jacquard,540710,0,3,Mtr,1481
HUSKY 4,1482,Jacquard,540710,0,3,Mtr,1482
HUSKY 5,1483,Jacquard,540710,0,3,Mtr,1483
HUSKY 6,1484,Jacquard,540710,0,3,Mtr,1484
AURA 1,1485,Jacquard,551511,0,3,Mtr,1485
MEHAK RG-007,1486,Kurti,62114210,0,6,Mtr,1486
ZARA KV-008,1487,Kurti,62114210,0,4,Mtr,1487
YARA SILVER,1488,Jacquard,551511,0,3,Mtr,1488
POLYSTER INTERLINING,1489,Kurti,54073190,0,4,Mtr,1489
RAMP,1490,Jacquard,551611,0,3,Mtr,1490
NYLA-002,1491,Kurti,62114210,0,3,Mtr,1491
LEAH-001,1492,Kurti,62114210,0,3,Mtr,1492
SHAY-0015,1493,Kurti,62114210,0,3,Mtr,1493
MAMTHA KV-009,1494,Kurti,62114210,0,3,Mtr,1494
SHAY-0014,1495,Kurti,62114210,0,3,Mtr,1495
NYLA-003,1496,Kurti,62114210,0,3,Mtr,1496
NYLA-001,1497,Kurti,62114210,0,3,Mtr,1497
HUSKY 7,1498,Jacquard,551512,0,3,Mtr,1498
KIT-KAT,1499,Jacquard,551611,0,3,Mtr,1499
FABRIC KURTI 10,1500,Kurti,520811,0,3,Mtr,1500
FABRIC KURTI 11,1501,Kurti,521019,0,6,Mtr,1501
HUSKY 8,1502,Jacquard,540710,0,3,Mtr,1502
PANO,1503,Jacquard,551611,0,3,Mtr,1503
DIEM-002,1504,Kurti,62114210,0,3,Mtr,1504
DIEM-003,1505,Kurti,62114210,0,6,Mtr,1505
EMBER-001,1506,Kurti,62114210,0,3,Mtr,1506
CORA-002,1507,Kurti,62114210,0,6,Mtr,1507
COTTON EMBROIDERY,1508,Jacquard,540710,0,4,Mtr,1508
NYLA,1509,Jacquard,551611,0,3,Mtr,1509
GLAM STRUCK-SILVER 2,1510,Jacquard,540710,0,3,Mtr,1510
REKHA AM-001,1511,Kurti,62114210,0,6,Mtr,1511
ARLO-001,1512,Kurti,62114210,0,6,Mtr,1512
KYLAR-004,1513,Kurti,62114210,0,6,Mtr,1513
KYLAR-003,1514,Kurti,62114210,0,6,Mtr,1514
VIVA 2,1515,Jacquard,551311,0,3,Mtr,1515
PATTERN SEQUENCE,1516,Jacquard,551511,0,3,Mtr,1516
PATTERN,1517,Jacquard,520812,0,3,Mtr,1517
TERRY GOLD,1518,Kurti,55132100,0,3,Mtr,1518
SANTOON VISCOSE,1519,Jacquard,540831,0,6,Mtr,1519
ORGANZA,1520,Jacquard,540821,0,6,Mtr,1520
REPO-01 (GOLD),1521,Kurti,620610,0,4,Mtr,1521
REPO-001(PINK),1522,Kurti,620610,0,6,Mtr,1522
REPO-001,1523,Kurti,620610,0,4,Mtr,1523
YUCKA-002,1524,Kurti,620610,0,4,PCS,1524
MEHAK RG-008,1525,Kurti,62114210,0,4,Mtr,1525
TORI YR-002,1526,Kurti,62114210,0,4,Mtr,1526
TORI YR-001,1527,Kurti,62114210,0,4,Mtr,1527
RIDI-001,1528,Kurti,62114210,0,4,Mtr,1528
PN-0015,1529,Kurti,62114210,0,6,Mtr,1529
PN-002,1530,Kurti,62114210,0,4,Mtr,1530
PN-003,1531,Kurti,62114210,0,4,Mtr,1531
PN-004,1532,Kurti,62114210,0,4,Mtr,1532
PN-0014,1533,Kurti,62114210,0,6,Mtr,1533
PN-008,1534,Kurti,62114210,0,6,PCS,1534
CORA-001,1535,Kurti,62114210,0,6,Mtr,1535
CORA-003,1536,Kurti,62114210,0,6,Mtr,1536
CORA-004,1537,Kurti,62114210,0,6,Mtr,1537
DREW-001,1538,Kurti,62114210,0,6,Mtr,1538
DREW-002,1539,Kurti,62114210,0,4,Mtr,1539
REGALO-001,1540,Kurti,62114210,0,3,Mtr,1540
DOW-001,1541,Kurti,62114210,0,6,Mtr,1541
LUCA KV-0010,1542,Kurti,62114210,0,6,Mtr,1542
ZUMI,1543,Kurti,620610,0,6,Mtr,1543
KAIZO-001,1544,Kurti,62114210,0,6,Mtr,1544
HABOTAI,1545,Kurti,62114210,0,6,Mtr,1545
FABRIC KURTI 12,1546,Kurti,520819,0,6,Mtr,1546
GOLD SPOT,1547,Jacquard,540710,0,3,Mtr,1547
RAYON STYLE,1548,Jacquard,551611,0,3,Mtr,1548
VACA,1549,Kurti,620610,0,6,Mtr,1549
DIMI-001,1550,Kurti,620610,0,6,Mtr,1550
COT-002,1551,Kurti,620610,0,6,Mtr,1551
CORNY,1552,Jacquard,540822,0,6,Mtr,1552
PENDING,1553,Jacquard,551611,0,3,Mtr,1553
GROOVE,1554,Jacquard,551611,0,3,Mtr,1554
HUSKY 9,1555,Jacquard,551611,0,3,Mtr,1555
MANNAT KD-003,1556,Kurti,62114210,0,3,Mtr,1556
TALIA-002,1557,Kurti,62114210,0,6,Mtr,1557
RIYA-001,1558,Kurti,62114210,0,6,Mtr,1558
JAYP-NC-005,1559,Kurti,62114210,0,6,Mtr,1559
JAYP-MHR-,1560,Kurti,62114210,0,4,Mtr,1560
LABELS,1561,Kurti,58071020,0,1,Mtr,1561
TEP,1562,Stationery,3919,0,1,Mtr,1562
PASSION,1563,Jacquard,551611,0,3,Mtr,1563
LASE,1564,Kurti,580632,0,1,Mtr,1564
FABRIC 2,1565,Kurti,6006,0,6,Mtr,1565
MODAL SATTIN,1566,Jacquard,551611,0,6,Mtr,1566
JOAN,1567,Kurti,62114210,0,4,Mtr,1567
SKY,1568,Kurti,62114210,0,4,Mtr,1568
HEET,1569,Kurti,62114210,0,4,Mtr,1569
VILLA,1570,Kurti,62114210,0,1,Mtr,1570
SIMY,1571,Kurti,62114210,0,4,Mtr,1571
XIAOMI,1572,Kurti,62114210,0,4,Mtr,1572
CORNY-001,1573,Kurti,620610,0,4,Mtr,1573
LIQUID BOX,1574,Jacquard,551611,0,3,Mtr,1574
PC EMBROIDERY,1575,Jacquard,540710,0,6,Mtr,1575
LIQUID DOT,1576,Jacquard,551611,0,3,Mtr,1576
K-CORNY,1577,Kurti,620610,0,6,Mtr,1577
KURTI,1578,Kurti,620610,0,6,Mtr,1578
RIB LYCRA,1579,Jacquard,551611,0,3,Mtr,1579
RAYON STYLE-2,1580,Jacquard,551611,0,3,Mtr,1580
SP. RAYON SLUB,1581,Jacquard,551611,0,6,Mtr,1581
WILD-SH,1582,Kurti,62114210,0,6,Mtr,1582
SLUB-001,1583,Kurti,62114210,0,6,Mtr,1583
500151 SERIES,1584,Kurti,620469,0,6,Mtr,1584
10012 SERIES,1585,Kurti,620610,0,6,Mtr,1585
JAY ASH-00,1586,Kurti,62114210,0,6,Mtr,1586
AVIE,1587,Kurti,62114210,0,6,Mtr,1587
PLASTIC BAGS,1588,Kurti,58071020,0,3,Mtr,1588
BUTTONS,1589,Kurti,58071020,0,3,Mtr,1589
SIDRA-2,1590,Jacquard,551511,0,3,Mtr,1590
RAYON STYLE-3,1591,Jacquard,551611,0,3,Mtr,1591
JP-00,1592,Kurti,62114210,0,4,Mtr,1592
600111 SERIES,1593,Kurti,62114210,0,3,Mtr,1593
30071 SERIES,1594,Kurti,62114210,0,6,Mtr,1594
LIQUID ARROW,1595,Jacquard,551611,0,3,Mtr,1595
DUPATTA,1596,Kurti,62114210,0,6,Mtr,1596
LEGGINGS PANT,1597,Kurti,620469,0,5,Mtr,1597
LUREX,1598,Kurti,62114210,0,1,Mtr,1598
SILVER FLEX,1599,Jacquard,551611,0,3,Mtr,1599
KIARA,1600,Jacquard,551512,0,3,Mtr,1600
AVINA,1601,Jacquard,551512,0,3,Mtr,1601
PRO,1602,Jacquard,551611,0,3,Mtr,1602
KURTI..,1603,Kurti,996791,0,1,Mtr,1603
STEM,1604,Kurti,62114210,0,6,Mtr,1604
ENROL-FC-002,1605,Kurti,62114210,0,1,Mtr,1605
NAMA-003,1606,Kurti,62114210,0,6,Mtr,1606
DUCE,1607,Kurti,62114210,0,4,Mtr,1607
REPO,1608,Jacquard,551611,0,3,Mtr,1608
WONDER,1609,Jacquard,551611,0,3,Mtr,1609
40X60/72X72,1610,Jacquard,520811,0,6,Mtr,1610
RAYON STYLE-4,1611,Jacquard,551511,0,3,Mtr,1611
RADAR,1612,Kurti,62114210,0,3,Mtr,1612
TAG,1613,Kurti,58071020,0,3,Mtr,1613
VICA,1614,Kurti,62114210,0,6,Mtr,1614
INK MH,1615,Kurti,62114210,0,3,Mtr,1615
VEGAS,1616,Jacquard,551511,0,3,Mtr,1616
TOWER,1617,Jacquard,520811,0,4,Mtr,1617
TOWER.,1618,Jacquard,520811,0,6,Mtr,1618
ZARA MMF,1619,Kurti,62114210,0,1,Mtr,1619
GOLDBERG,1620,Jacquard,551611,0,3,Mtr,1620
GOLD FLEX,1621,Jacquard,551511,0,3,Mtr,1621
FOXY-1,1622,Jacquard,551611,0,3,Mtr,1622
FOXY-2,1623,Jacquard,551611,0,3,Mtr,1623
FOXY-3,1624,Jacquard,551611,0,3,Mtr,1624
FOXY-4,1625,Jacquard,551611,0,3,Mtr,1625
SOU-NAV,1626,Kurti,62114210,0,6,Mtr,1626
205014,1627,Kurti,62114210,0,1,Mtr,1627
SIRA,1628,Kurti,62114210,0,6,Mtr,1628
K-ROCKET,1629,Kurti,620610,0,4,Mtr,1629
HUSKY-11,1630,Jacquard,551511,0,3,Mtr,1630
HUSKY-10,1631,Jacquard,551611,0,3,Mtr,1631
DEJAVU,1632,Jacquard,551511,0,3,Mtr,1632
FOXY,1633,Jacquard,551611,0,3,Mtr,1633
709,1634,Kurti,62114210,0,3,Mtr,1634
715,1635,Kurti,62114210,0,3,Mtr,1635
707,1636,Kurti,62114210,0,6,Mtr,1636
710,1637,Kurti,62114210,0,6,Mtr,1637
711,1638,Kurti,62114210,0,3,Mtr,1638
701,1639,Kurti,62114210,0,6,Mtr,1639
ARKE,1640,Kurti,621142,0,6,Mtr,1640
PLAIN PANT,1641,Kurti,62114210,0,6,Mtr,1641
703,1642,Kurti,62114210,0,6,Mtr,1642
726,1643,Kurti,62114210,0,6,Mtr,1643
702,1644,Kurti,62114210,0,6,Mtr,1644
MODAL PRINT,1645,Kurti,62114210,0,3,Mtr,1645
728,1646,Kurti,62114210,0,6,Mtr,1646
723,1647,Kurti,62114210,0,3,Mtr,1647
725,1648,Kurti,62114210,0,6,Mtr,1648
722,1649,Kurti,62114210,0,6,Mtr,1649
705,1650,Kurti,62114210,0,3,Mtr,1650
717,1651,Kurti,62114210,0,6,Mtr,1651
714,1652,Kurti,62114210,0,6,Mtr,1652
708,1653,Kurti,62114210,0,6,Mtr,1653
718,1654,Kurti,62114210,0,6,Mtr,1654
704,1655,Kurti,62114210,0,6,Mtr,1655
716,1656,Kurti,62114210,0,6,Mtr,1656
706,1657,Kurti,62114210,0,6,Mtr,1657
CKN,1658,Kurti,620610,0,6,Mtr,1658
205018,1659,Kurti,62114210,0,6,Mtr,1659
YARA,1660,Kurti,621142,0,6,Mtr,1660
HASHTAG,1661,Jacquard,551512,0,3,Mtr,1661
